order_number,method,status,amount,provider_reference,paid_at
ORD000001,wallet,captured,4836.78,PR-ORD000001,2025-02-06T00:58:36+00:00
ORD000004,wallet,captured,2790.66,PR-ORD000004,2025-11-17T07:15:34+00:00
ORD000005,bank_transfer,captured,8773.52,PR-ORD000005,2025-07-19T09:51:07+00:00
ORD000006,cash,captured,10230.53,PR-ORD000006,2026-07-18T19:05:18+00:00
ORD000007,card,captured,13698.10,PR-ORD000007,2025-12-21T05:22:57+00:00
ORD000009,card,refunded,6590.55,PR-ORD000009,2025-05-02T16:24:15+00:00
ORD000011,bank_transfer,captured,870.80,PR-ORD000011,2025-05-26T20:14:36+00:00
ORD000012,wire,captured,9712.97,PR-ORD000012,2025-01-08T09:03:25+00:00
ORD000013,wallet,refunded,8500.78,PR-ORD000013,2026-05-14T07:40:34+00:00
ORD000014,wallet,captured,1780.85,PR-ORD000014,2026-07-08T08:35:50+00:00
ORD000015,card,captured,7629.67,PR-ORD000015,2025-01-19T03:30:55+00:00
ORD000016,bank_transfer,captured,9463.30,PR-ORD000016,2026-02-10T22:15:40+00:00
ORD000017,cash,captured,7478.69,PR-ORD000017,2025-03-08T07:51:27+00:00
ORD000018,wire,captured,1980.51,PR-ORD000018,2026-01-20T17:47:57+00:00
ORD000019,cash,captured,10147.66,PR-ORD000019,2026-05-29T01:19:09+00:00
ORD000020,cash,captured,1257.53,PR-ORD000020,2026-02-19T14:27:43+00:00
ORD000021,wire,captured,1129.31,PR-ORD000021,2025-06-08T15:01:56+00:00
ORD000022,cash,authorized,5947.79,PR-ORD000022,2026-06-01T13:28:34+00:00
ORD000023,card,captured,4721.61,PR-ORD000023,2026-02-23T15:03:31+00:00
ORD000024,wire,authorized,4816.98,PR-ORD000024,2026-06-05T20:40:42+00:00
ORD000025,card,captured,965.10,PR-ORD000025,2025-05-18T14:51:49+00:00
ORD000026,card,captured,7411.73,PR-ORD000026,2025-05-26T23:59:09+00:00
ORD000027,wallet,authorized,5401.28,PR-ORD000027,2026-07-01T15:32:09+00:00
ORD000028,cash,captured,4007.96,PR-ORD000028,2026-07-29T09:17:19+00:00
ORD000029,bank_transfer,captured,9093.37,PR-ORD000029,2025-05-11T23:45:50+00:00
ORD000030,wire,pending,4914.80,PR-ORD000030,
ORD000031,card,refunded,8388.68,PR-ORD000031,2025-10-30T15:26:50+00:00
ORD000032,card,failed,11038.79,PR-ORD000032,2025-04-20T05:21:58+00:00
ORD000033,bank_transfer,captured,3566.45,PR-ORD000033,2025-01-25T14:01:45+00:00
ORD000034,bank_transfer,captured,8400.78,PR-ORD000034,2025-06-11T10:09:26+00:00
ORD000035,cash,failed,1360.90,PR-ORD000035,2026-01-12T23:29:07+00:00
ORD000036,cash,authorized,6128.18,PR-ORD000036,2025-03-26T17:37:12+00:00
ORD000037,wallet,captured,9053.89,PR-ORD000037,2025-08-30T20:53:21+00:00
ORD000038,card,captured,6073.03,PR-ORD000038,2026-01-08T04:52:32+00:00
ORD000039,cash,refunded,4715.44,PR-ORD000039,2025-11-25T00:47:58+00:00
ORD000040,wire,refunded,12015.96,PR-ORD000040,2025-07-23T16:38:00+00:00
ORD000041,bank_transfer,captured,463.43,PR-ORD000041,2026-08-27T00:49:08+00:00
ORD000042,card,captured,5566.00,PR-ORD000042,2026-04-05T02:16:18+00:00
ORD000043,wallet,captured,5089.91,PR-ORD000043,2026-06-10T11:03:14+00:00
ORD000044,wallet,captured,2716.08,PR-ORD000044,2025-03-10T07:49:34+00:00
ORD000045,wallet,captured,5723.88,PR-ORD000045,2025-04-27T03:44:51+00:00
ORD000046,wire,captured,15.95,PR-ORD000046,2026-04-07T07:29:46+00:00
ORD000047,wire,pending,9390.18,PR-ORD000047,
ORD000048,cash,failed,3892.71,PR-ORD000048,2025-06-02T16:51:40+00:00
ORD000049,cash,pending,19134.99,PR-ORD000049,
ORD000050,card,captured,394.04,PR-ORD000050,2026-03-10T23:40:37+00:00
ORD000051,bank_transfer,captured,7327.44,PR-ORD000051,2025-05-30T04:48:16+00:00
ORD000053,card,captured,1432.68,PR-ORD000053,2026-07-13T22:07:43+00:00
ORD000054,wire,failed,577.52,PR-ORD000054,2026-08-30T13:25:56+00:00
ORD000055,cash,captured,7805.60,PR-ORD000055,2025-06-26T14:59:37+00:00
ORD000056,card,captured,9696.52,PR-ORD000056,2025-10-08T05:15:16+00:00
ORD000057,bank_transfer,captured,10455.57,PR-ORD000057,2025-05-28T08:04:05+00:00
ORD000059,card,captured,3537.46,PR-ORD000059,2026-03-26T18:37:45+00:00
ORD000060,cash,captured,5635.52,PR-ORD000060,2025-08-26T03:55:10+00:00
ORD000061,card,captured,4297.10,PR-ORD000061,2025-12-05T17:17:50+00:00
ORD000062,bank_transfer,failed,3345.85,PR-ORD000062,2026-05-20T22:05:34+00:00
ORD000063,cash,captured,9058.75,PR-ORD000063,2026-01-16T02:31:33+00:00
ORD000064,bank_transfer,captured,3095.72,PR-ORD000064,2026-02-25T00:51:34+00:00
ORD000066,card,captured,13341.38,PR-ORD000066,2025-12-13T17:13:23+00:00
ORD000068,card,captured,5523.05,PR-ORD000068,2025-12-15T03:19:29+00:00
ORD000069,card,captured,306.34,PR-ORD000069,2026-05-06T20:52:05+00:00
ORD000070,bank_transfer,captured,12095.16,PR-ORD000070,2025-10-19T20:13:51+00:00
ORD000071,wire,captured,3461.13,PR-ORD000071,2026-06-16T22:54:13+00:00
ORD000072,card,captured,3319.36,PR-ORD000072,2025-12-18T08:45:01+00:00
ORD000073,wallet,captured,6704.78,PR-ORD000073,2025-10-13T11:02:49+00:00
ORD000074,card,captured,4526.24,PR-ORD000074,2025-06-04T14:00:51+00:00
ORD000075,wire,captured,2573.96,PR-ORD000075,2025-12-11T12:48:38+00:00
ORD000076,cash,captured,5660.17,PR-ORD000076,2025-12-01T18:23:02+00:00
ORD000077,cash,captured,5224.83,PR-ORD000077,2025-10-24T19:02:28+00:00
ORD000078,bank_transfer,authorized,5290.19,PR-ORD000078,2025-05-12T19:09:00+00:00
ORD000079,wallet,authorized,7179.94,PR-ORD000079,2025-07-03T01:21:36+00:00
ORD000080,cash,captured,2799.45,PR-ORD000080,2025-04-16T19:16:14+00:00
ORD000081,wire,captured,1204.53,PR-ORD000081,2026-03-06T20:24:17+00:00
ORD000082,wire,captured,6650.33,PR-ORD000082,2025-11-25T17:00:37+00:00
ORD000083,cash,failed,2571.89,PR-ORD000083,2026-06-22T19:43:45+00:00
ORD000084,bank_transfer,captured,11221.48,PR-ORD000084,2026-01-15T17:18:39+00:00
ORD000085,wire,captured,228.71,PR-ORD000085,2025-03-01T01:35:23+00:00
ORD000086,wire,authorized,4886.89,PR-ORD000086,2025-09-30T00:44:29+00:00
ORD000087,wallet,pending,5229.53,PR-ORD000087,
ORD000089,card,captured,6000.21,PR-ORD000089,2026-06-26T03:02:28+00:00
ORD000090,cash,authorized,6872.02,PR-ORD000090,2026-04-03T18:51:01+00:00
ORD000091,wire,captured,2925.05,PR-ORD000091,2025-07-03T15:46:59+00:00
ORD000092,cash,captured,429.36,PR-ORD000092,2026-02-22T16:53:51+00:00
ORD000095,bank_transfer,captured,9402.05,PR-ORD000095,2026-01-21T10:53:18+00:00
ORD000096,wallet,captured,5029.69,PR-ORD000096,2025-09-20T09:22:43+00:00
ORD000098,bank_transfer,captured,10618.07,PR-ORD000098,2026-03-28T10:31:23+00:00
ORD000099,cash,captured,4799.07,PR-ORD000099,2025-01-25T05:31:32+00:00
ORD000100,cash,captured,2930.67,PR-ORD000100,2025-11-27T07:27:40+00:00
ORD000101,wire,captured,4949.31,PR-ORD000101,2025-09-08T01:00:32+00:00
ORD000102,wallet,authorized,22526.62,PR-ORD000102,2026-08-23T14:04:01+00:00
ORD000103,cash,captured,9002.38,PR-ORD000103,2026-03-04T15:22:45+00:00
ORD000105,bank_transfer,captured,2708.16,PR-ORD000105,2025-02-08T21:52:13+00:00
ORD000106,card,authorized,4848.79,PR-ORD000106,2025-03-27T14:56:44+00:00
ORD000107,card,captured,2771.42,PR-ORD000107,2025-03-30T13:44:52+00:00
ORD000109,bank_transfer,captured,6363.93,PR-ORD000109,2026-05-25T09:02:51+00:00
ORD000110,wallet,captured,1083.64,PR-ORD000110,2026-07-31T05:21:41+00:00
ORD000111,wallet,failed,11222.09,PR-ORD000111,2025-05-20T22:28:33+00:00
ORD000112,card,captured,1414.14,PR-ORD000112,2026-07-09T22:29:50+00:00
ORD000113,card,captured,467.95,PR-ORD000113,2025-02-11T20:14:13+00:00
ORD000114,card,refunded,4741.18,PR-ORD000114,2026-07-19T06:00:13+00:00
ORD000115,card,captured,127.83,PR-ORD000115,2025-05-05T06:39:21+00:00
ORD000116,card,pending,6296.41,PR-ORD000116,
ORD000117,card,refunded,9970.46,PR-ORD000117,2026-08-03T00:39:57+00:00
ORD000119,cash,captured,10465.72,PR-ORD000119,2025-12-11T19:46:01+00:00
ORD000120,cash,captured,1185.79,PR-ORD000120,2025-08-26T22:32:11+00:00
ORD000121,cash,captured,13020.49,PR-ORD000121,2026-04-30T22:02:43+00:00
ORD000122,cash,captured,16182.54,PR-ORD000122,2026-01-22T03:27:12+00:00
ORD000123,wallet,authorized,6205.56,PR-ORD000123,2026-06-11T16:22:09+00:00
ORD000125,bank_transfer,authorized,4619.88,PR-ORD000125,2026-04-30T16:29:31+00:00
ORD000126,card,failed,6112.69,PR-ORD000126,2025-02-09T23:48:53+00:00
ORD000127,bank_transfer,captured,4898.63,PR-ORD000127,2026-07-13T08:50:02+00:00
ORD000128,cash,pending,3223.28,PR-ORD000128,
ORD000129,card,refunded,2577.29,PR-ORD000129,2026-08-28T04:20:09+00:00
ORD000132,wallet,failed,1529.89,PR-ORD000132,2025-12-31T09:44:18+00:00
ORD000134,bank_transfer,authorized,2176.93,PR-ORD000134,2025-04-11T03:29:00+00:00
ORD000135,cash,authorized,5485.43,PR-ORD000135,2026-01-19T13:13:08+00:00
ORD000137,wire,captured,1025.88,PR-ORD000137,2025-12-01T01:11:33+00:00
ORD000138,cash,failed,988.23,PR-ORD000138,2025-11-27T20:56:17+00:00
ORD000140,card,failed,6762.11,PR-ORD000140,2025-12-15T13:10:45+00:00
ORD000141,bank_transfer,captured,1031.94,PR-ORD000141,2026-08-11T13:14:35+00:00
ORD000142,wallet,failed,5802.31,PR-ORD000142,2025-06-06T00:56:07+00:00
ORD000143,wallet,captured,5954.18,PR-ORD000143,2025-06-26T18:52:44+00:00
ORD000145,card,pending,2056.50,PR-ORD000145,
ORD000146,wallet,captured,3784.27,PR-ORD000146,2025-08-17T00:47:59+00:00
ORD000148,wallet,captured,9167.58,PR-ORD000148,2026-01-07T17:15:51+00:00
ORD000149,cash,captured,11106.71,PR-ORD000149,2025-02-20T12:27:19+00:00
ORD000151,cash,failed,2298.57,PR-ORD000151,2026-01-02T10:55:09+00:00
ORD000152,card,captured,5075.34,PR-ORD000152,2025-12-28T09:11:04+00:00
ORD000154,cash,authorized,4919.80,PR-ORD000154,2026-08-27T20:33:58+00:00
ORD000156,cash,captured,7922.56,PR-ORD000156,2025-01-13T02:09:59+00:00
ORD000158,wallet,captured,6045.72,PR-ORD000158,2025-04-09T05:56:27+00:00
ORD000159,cash,captured,4998.71,PR-ORD000159,2025-07-27T18:39:47+00:00
ORD000162,card,authorized,6806.17,PR-ORD000162,2025-10-06T05:34:28+00:00
ORD000163,card,captured,9169.42,PR-ORD000163,2025-07-20T04:47:53+00:00
ORD000164,cash,captured,10210.42,PR-ORD000164,2025-11-06T02:22:23+00:00
ORD000165,bank_transfer,captured,7102.04,PR-ORD000165,2026-08-10T05:49:00+00:00
ORD000166,wallet,authorized,4475.73,PR-ORD000166,2025-07-24T08:35:48+00:00
ORD000167,wire,captured,6157.00,PR-ORD000167,2025-03-28T16:53:51+00:00
ORD000168,card,authorized,10759.64,PR-ORD000168,2025-06-08T15:42:24+00:00
ORD000169,wire,captured,4489.94,PR-ORD000169,2026-06-25T22:32:31+00:00
ORD000170,bank_transfer,authorized,2978.94,PR-ORD000170,2025-06-24T13:14:45+00:00
ORD000171,card,authorized,10920.67,PR-ORD000171,2025-12-22T13:00:13+00:00
ORD000172,wire,failed,11164.45,PR-ORD000172,2025-03-05T22:56:07+00:00
ORD000173,bank_transfer,authorized,453.70,PR-ORD000173,2025-04-05T20:28:42+00:00
ORD000174,bank_transfer,captured,7851.18,PR-ORD000174,2026-07-23T09:35:23+00:00
ORD000175,bank_transfer,authorized,2179.51,PR-ORD000175,2025-06-12T15:27:02+00:00
ORD000176,card,refunded,5786.95,PR-ORD000176,2025-05-17T04:15:41+00:00
ORD000178,wire,refunded,710.93,PR-ORD000178,2025-02-24T20:11:52+00:00
ORD000179,wallet,captured,1830.67,PR-ORD000179,2026-05-26T15:08:52+00:00
ORD000180,bank_transfer,captured,6315.34,PR-ORD000180,2025-01-21T13:12:37+00:00
ORD000181,wire,authorized,7280.94,PR-ORD000181,2025-05-03T20:45:47+00:00
ORD000182,card,captured,5147.76,PR-ORD000182,2025-06-14T00:43:25+00:00
ORD000183,bank_transfer,authorized,2548.51,PR-ORD000183,2026-02-16T15:56:22+00:00
ORD000184,wallet,captured,6886.13,PR-ORD000184,2026-05-09T17:21:56+00:00
ORD000185,wallet,captured,2657.03,PR-ORD000185,2026-04-13T23:18:27+00:00
ORD000186,cash,failed,3946.67,PR-ORD000186,2025-06-23T19:56:40+00:00
ORD000187,wallet,refunded,3620.98,PR-ORD000187,2025-04-01T05:52:26+00:00
ORD000188,wallet,captured,9451.51,PR-ORD000188,2025-11-08T07:01:41+00:00
ORD000189,wallet,authorized,2664.01,PR-ORD000189,2025-10-29T00:33:38+00:00
ORD000190,cash,authorized,12015.60,PR-ORD000190,2026-07-17T07:57:35+00:00
ORD000191,cash,authorized,13731.90,PR-ORD000191,2025-02-07T00:39:50+00:00
ORD000192,cash,captured,4734.83,PR-ORD000192,2025-07-11T12:05:03+00:00
ORD000195,card,captured,4958.56,PR-ORD000195,2026-01-10T03:18:09+00:00
ORD000196,card,captured,2443.34,PR-ORD000196,2025-08-16T11:24:37+00:00
ORD000198,card,captured,10612.17,PR-ORD000198,2026-05-01T21:46:21+00:00
ORD000201,wire,authorized,3325.84,PR-ORD000201,2026-01-25T19:09:01+00:00
ORD000202,wire,captured,2451.77,PR-ORD000202,2025-04-22T17:49:17+00:00
ORD000204,bank_transfer,captured,2911.84,PR-ORD000204,2025-05-05T00:41:26+00:00
ORD000205,wire,refunded,4882.11,PR-ORD000205,2025-12-28T21:22:29+00:00
ORD000206,card,refunded,14803.31,PR-ORD000206,2026-07-05T12:58:03+00:00
ORD000207,card,captured,1766.04,PR-ORD000207,2025-12-26T12:04:29+00:00
ORD000210,card,captured,2166.39,PR-ORD000210,2025-04-19T06:41:42+00:00
ORD000211,wire,captured,4041.87,PR-ORD000211,2025-08-15T09:44:02+00:00
ORD000212,wire,captured,3479.03,PR-ORD000212,2025-12-08T19:23:34+00:00
ORD000213,bank_transfer,pending,10163.80,PR-ORD000213,
ORD000214,wallet,refunded,2234.85,PR-ORD000214,2026-06-27T21:47:33+00:00
ORD000215,wallet,captured,8356.99,PR-ORD000215,2025-03-02T13:36:11+00:00
ORD000216,wire,captured,3326.83,PR-ORD000216,2026-04-07T22:50:22+00:00
ORD000217,wire,failed,1239.13,PR-ORD000217,2025-01-04T15:48:24+00:00
ORD000218,cash,captured,2638.10,PR-ORD000218,2025-02-01T00:55:14+00:00
ORD000220,bank_transfer,captured,1511.55,PR-ORD000220,2025-12-28T18:22:04+00:00
ORD000222,wallet,captured,4675.62,PR-ORD000222,2026-03-25T10:42:16+00:00
ORD000223,bank_transfer,failed,7777.21,PR-ORD000223,2025-11-16T22:57:30+00:00
ORD000224,wire,captured,912.05,PR-ORD000224,2025-01-14T11:44:46+00:00
ORD000226,wire,refunded,7935.62,PR-ORD000226,2025-10-17T22:16:53+00:00
ORD000227,wire,authorized,6438.54,PR-ORD000227,2025-11-09T00:10:31+00:00
ORD000230,bank_transfer,failed,1958.43,PR-ORD000230,2025-08-01T10:34:14+00:00
ORD000231,wire,captured,6644.92,PR-ORD000231,2025-08-09T21:30:45+00:00
ORD000232,card,refunded,1184.44,PR-ORD000232,2026-05-26T04:57:50+00:00
ORD000234,wallet,captured,8436.53,PR-ORD000234,2026-06-02T00:37:44+00:00
ORD000235,wire,captured,5271.37,PR-ORD000235,2026-05-20T12:30:26+00:00
ORD000236,wallet,captured,5203.11,PR-ORD000236,2026-07-10T21:22:28+00:00
ORD000237,card,failed,7473.23,PR-ORD000237,2026-03-17T05:57:26+00:00
ORD000238,wallet,captured,3756.50,PR-ORD000238,2025-03-20T00:01:31+00:00
ORD000239,wallet,pending,182.85,PR-ORD000239,
ORD000240,wire,captured,8664.65,PR-ORD000240,2026-01-13T04:34:34+00:00
ORD000241,wire,captured,3320.27,PR-ORD000241,2025-12-20T15:15:00+00:00
ORD000242,cash,failed,4583.75,PR-ORD000242,2026-04-20T21:52:01+00:00
ORD000243,cash,failed,8455.68,PR-ORD000243,2025-10-06T03:15:58+00:00
ORD000244,wire,authorized,5148.07,PR-ORD000244,2026-01-24T13:51:52+00:00
ORD000245,cash,captured,5543.61,PR-ORD000245,2026-01-02T06:24:24+00:00
ORD000246,card,authorized,578.18,PR-ORD000246,2025-12-08T18:36:36+00:00
ORD000247,wire,captured,7074.61,PR-ORD000247,2026-03-02T04:37:19+00:00
ORD000248,bank_transfer,captured,4509.96,PR-ORD000248,2025-12-17T06:26:15+00:00
ORD000250,bank_transfer,captured,10571.80,PR-ORD000250,2025-06-24T13:25:11+00:00
ORD000251,wire,captured,2991.83,PR-ORD000251,2026-06-10T16:48:25+00:00
ORD000252,cash,authorized,399.59,PR-ORD000252,2026-08-18T10:43:28+00:00
ORD000253,wire,captured,6404.02,PR-ORD000253,2026-04-19T13:24:38+00:00
ORD000254,cash,refunded,5742.87,PR-ORD000254,2026-07-14T06:27:28+00:00
ORD000255,cash,authorized,3514.09,PR-ORD000255,2025-07-31T23:32:17+00:00
ORD000256,card,authorized,3700.16,PR-ORD000256,2026-07-11T17:53:37+00:00
ORD000257,wallet,captured,4527.59,PR-ORD000257,2025-06-16T12:58:13+00:00
ORD000258,cash,captured,2023.69,PR-ORD000258,2025-07-18T23:40:22+00:00
ORD000259,bank_transfer,captured,4759.96,PR-ORD000259,2026-02-27T07:47:24+00:00
ORD000260,wire,pending,4831.62,PR-ORD000260,
ORD000261,cash,authorized,3687.04,PR-ORD000261,2025-12-19T07:45:52+00:00
ORD000262,wire,captured,9870.19,PR-ORD000262,2025-11-16T03:21:18+00:00
ORD000263,wallet,authorized,17201.47,PR-ORD000263,2025-11-08T04:14:43+00:00
ORD000264,card,captured,7260.43,PR-ORD000264,2026-07-09T16:26:05+00:00
ORD000266,card,pending,8327.66,PR-ORD000266,
ORD000267,cash,captured,10674.82,PR-ORD000267,2026-02-16T18:42:33+00:00
ORD000268,card,pending,515.88,PR-ORD000268,
ORD000269,wire,authorized,1030.53,PR-ORD000269,2025-05-18T12:55:53+00:00
ORD000270,wire,captured,4908.23,PR-ORD000270,2025-10-21T08:35:57+00:00
ORD000271,cash,authorized,2485.56,PR-ORD000271,2025-02-28T08:40:24+00:00
ORD000272,wire,captured,3495.79,PR-ORD000272,2026-04-29T08:25:27+00:00
ORD000273,wallet,captured,2758.95,PR-ORD000273,2026-08-16T17:24:46+00:00
ORD000274,wallet,captured,9037.64,PR-ORD000274,2025-11-25T20:01:45+00:00
ORD000276,wire,captured,4198.61,PR-ORD000276,2025-04-04T04:19:56+00:00
ORD000277,wallet,captured,5135.60,PR-ORD000277,2025-06-23T21:34:56+00:00
ORD000278,cash,captured,6753.67,PR-ORD000278,2026-07-23T17:06:31+00:00
ORD000281,card,authorized,6080.05,PR-ORD000281,2025-12-11T14:48:08+00:00
ORD000283,bank_transfer,captured,7660.50,PR-ORD000283,2025-11-28T13:53:11+00:00
ORD000284,bank_transfer,captured,9636.05,PR-ORD000284,2025-12-11T09:13:49+00:00
ORD000287,card,captured,486.20,PR-ORD000287,2025-07-16T19:08:30+00:00
ORD000288,wire,captured,4318.75,PR-ORD000288,2025-07-10T15:27:01+00:00
ORD000289,bank_transfer,captured,3907.07,PR-ORD000289,2025-10-19T17:39:55+00:00
ORD000290,bank_transfer,failed,18173.16,PR-ORD000290,2025-12-23T02:46:27+00:00
ORD000291,card,captured,3136.39,PR-ORD000291,2025-07-08T15:54:07+00:00
ORD000292,cash,failed,476.30,PR-ORD000292,2026-02-07T07:09:40+00:00
ORD000293,cash,captured,6215.47,PR-ORD000293,2025-05-08T17:48:14+00:00
ORD000294,card,captured,9258.78,PR-ORD000294,2025-06-20T13:56:14+00:00
ORD000295,bank_transfer,captured,14219.38,PR-ORD000295,2026-01-17T00:19:44+00:00
ORD000296,card,captured,8660.43,PR-ORD000296,2025-06-28T06:07:16+00:00
ORD000297,bank_transfer,captured,1694.52,PR-ORD000297,2025-05-30T18:06:56+00:00
ORD000298,bank_transfer,captured,5257.84,PR-ORD000298,2026-02-22T16:58:09+00:00
ORD000299,wallet,captured,1483.00,PR-ORD000299,2026-05-17T19:01:30+00:00
ORD000300,cash,captured,4377.27,PR-ORD000300,2026-06-27T05:35:14+00:00
ORD000301,wire,authorized,7386.90,PR-ORD000301,2025-10-18T12:43:19+00:00
ORD000302,wallet,refunded,9460.83,PR-ORD000302,2025-06-22T02:27:57+00:00
ORD000303,cash,authorized,1705.94,PR-ORD000303,2025-07-03T13:52:18+00:00
ORD000304,bank_transfer,captured,5391.80,PR-ORD000304,2026-07-13T04:47:19+00:00
ORD000307,wallet,authorized,6076.04,PR-ORD000307,2025-09-20T08:14:44+00:00
ORD000308,cash,authorized,7657.69,PR-ORD000308,2025-09-25T12:16:33+00:00
ORD000309,bank_transfer,captured,2100.53,PR-ORD000309,2026-04-19T00:56:01+00:00
ORD000310,wallet,pending,2598.44,PR-ORD000310,
ORD000311,bank_transfer,captured,576.14,PR-ORD000311,2025-06-13T00:09:43+00:00
ORD000312,wallet,authorized,2671.20,PR-ORD000312,2026-01-15T17:46:50+00:00
ORD000313,bank_transfer,captured,9670.80,PR-ORD000313,2025-06-07T07:18:55+00:00
ORD000314,card,refunded,42.78,PR-ORD000314,2025-07-01T05:48:24+00:00
ORD000315,card,captured,4024.25,PR-ORD000315,2025-12-10T08:16:07+00:00
ORD000316,wallet,failed,4671.61,PR-ORD000316,2025-08-16T14:38:55+00:00
ORD000317,bank_transfer,authorized,1672.59,PR-ORD000317,2025-01-08T02:43:31+00:00
ORD000318,wallet,authorized,2947.92,PR-ORD000318,2025-08-03T16:07:38+00:00
ORD000319,cash,pending,14997.27,PR-ORD000319,
ORD000320,wallet,captured,6927.69,PR-ORD000320,2026-03-12T03:04:57+00:00
ORD000321,wire,captured,7745.29,PR-ORD000321,2025-04-06T03:27:11+00:00
ORD000322,wallet,pending,11183.18,PR-ORD000322,
ORD000323,cash,captured,3319.91,PR-ORD000323,2026-07-10T03:20:56+00:00
ORD000324,card,captured,1334.69,PR-ORD000324,2026-03-03T10:45:34+00:00
ORD000325,wire,pending,6743.02,PR-ORD000325,
ORD000326,wire,refunded,5486.93,PR-ORD000326,2025-02-16T05:20:59+00:00
ORD000328,cash,captured,1646.81,PR-ORD000328,2025-07-07T05:55:40+00:00
ORD000329,wire,captured,6590.76,PR-ORD000329,2025-11-16T09:47:34+00:00
ORD000330,wallet,captured,3347.86,PR-ORD000330,2025-12-17T12:51:48+00:00
ORD000331,bank_transfer,captured,9478.02,PR-ORD000331,2025-10-03T14:40:19+00:00
ORD000332,card,captured,9201.18,PR-ORD000332,2026-07-15T21:00:13+00:00
ORD000333,cash,authorized,2414.30,PR-ORD000333,2025-10-17T03:10:00+00:00
ORD000334,cash,captured,2592.62,PR-ORD000334,2026-01-06T17:09:41+00:00
ORD000335,cash,captured,7217.20,PR-ORD000335,2025-01-31T11:24:40+00:00
ORD000336,wallet,pending,10654.18,PR-ORD000336,
ORD000337,cash,refunded,6482.31,PR-ORD000337,2025-09-15T10:18:12+00:00
ORD000338,cash,captured,7907.79,PR-ORD000338,2026-01-13T14:46:58+00:00
ORD000339,cash,captured,7404.60,PR-ORD000339,2025-06-05T05:55:12+00:00
ORD000340,wire,refunded,2480.25,PR-ORD000340,2025-01-11T14:48:44+00:00
ORD000341,card,captured,8526.59,PR-ORD000341,2025-02-17T03:22:56+00:00
ORD000342,wallet,captured,4042.44,PR-ORD000342,2025-05-08T23:10:30+00:00
ORD000343,bank_transfer,captured,5997.42,PR-ORD000343,2026-02-26T08:39:40+00:00
ORD000344,cash,pending,12662.12,PR-ORD000344,
ORD000345,cash,authorized,3257.78,PR-ORD000345,2025-01-08T03:51:39+00:00
ORD000346,bank_transfer,captured,3233.25,PR-ORD000346,2026-02-15T18:22:32+00:00
ORD000347,wallet,captured,326.23,PR-ORD000347,2025-02-23T18:48:34+00:00
ORD000349,wallet,captured,1943.85,PR-ORD000349,2025-05-31T14:38:38+00:00
ORD000350,bank_transfer,captured,4096.79,PR-ORD000350,2026-08-17T20:13:14+00:00
ORD000351,bank_transfer,pending,7258.66,PR-ORD000351,
ORD000353,bank_transfer,captured,1394.76,PR-ORD000353,2025-04-22T09:08:47+00:00
ORD000354,cash,captured,9555.23,PR-ORD000354,2025-05-12T14:30:13+00:00
ORD000355,cash,captured,6133.43,PR-ORD000355,2025-03-15T23:25:08+00:00
ORD000356,bank_transfer,captured,6769.61,PR-ORD000356,2025-03-25T12:36:37+00:00
ORD000357,card,captured,5120.32,PR-ORD000357,2025-01-12T06:00:33+00:00
ORD000358,bank_transfer,captured,5696.78,PR-ORD000358,2025-09-25T19:38:30+00:00
ORD000359,cash,failed,7791.28,PR-ORD000359,2026-06-30T09:01:49+00:00
ORD000360,card,failed,3945.42,PR-ORD000360,2025-09-02T19:05:21+00:00
ORD000361,bank_transfer,failed,14982.37,PR-ORD000361,2025-07-31T06:11:14+00:00
ORD000362,cash,captured,5120.74,PR-ORD000362,2025-04-30T08:51:19+00:00
ORD000364,cash,captured,11676.61,PR-ORD000364,2025-10-10T19:52:36+00:00
ORD000365,wire,captured,14142.63,PR-ORD000365,2025-10-09T00:51:42+00:00
ORD000366,wire,refunded,8259.09,PR-ORD000366,2026-04-10T20:26:52+00:00
ORD000368,wallet,captured,9486.77,PR-ORD000368,2025-06-25T19:59:55+00:00
ORD000369,card,captured,9407.61,PR-ORD000369,2026-01-15T10:38:51+00:00
ORD000370,wallet,authorized,429.54,PR-ORD000370,2025-12-31T21:21:54+00:00
ORD000371,wallet,captured,9498.96,PR-ORD000371,2026-02-21T17:16:55+00:00
ORD000372,cash,captured,4278.70,PR-ORD000372,2026-08-06T20:34:17+00:00
ORD000373,bank_transfer,captured,7455.15,PR-ORD000373,2026-01-25T08:46:24+00:00
ORD000374,cash,captured,7075.93,PR-ORD000374,2025-08-19T19:41:08+00:00
ORD000375,bank_transfer,captured,6156.69,PR-ORD000375,2025-11-19T21:46:35+00:00
ORD000376,card,authorized,10951.95,PR-ORD000376,2026-07-01T12:37:14+00:00
ORD000377,card,captured,7111.43,PR-ORD000377,2025-10-03T22:49:13+00:00
ORD000378,wallet,failed,4249.81,PR-ORD000378,2025-04-30T16:55:11+00:00
ORD000379,wire,refunded,909.76,PR-ORD000379,2025-02-26T03:34:21+00:00
ORD000382,card,captured,3881.24,PR-ORD000382,2025-06-14T14:18:12+00:00
ORD000383,wallet,captured,9435.96,PR-ORD000383,2025-09-19T20:39:02+00:00
ORD000385,wallet,authorized,2329.15,PR-ORD000385,2025-06-19T11:34:33+00:00
ORD000386,cash,failed,5525.72,PR-ORD000386,2026-08-03T06:26:06+00:00
ORD000387,wallet,captured,1362.51,PR-ORD000387,2025-12-22T08:30:31+00:00
ORD000389,wallet,failed,6733.78,PR-ORD000389,2026-07-14T02:36:26+00:00
ORD000390,cash,captured,8768.63,PR-ORD000390,2026-08-15T16:38:57+00:00
ORD000392,wallet,authorized,1256.78,PR-ORD000392,2025-06-01T13:20:12+00:00
ORD000393,wire,refunded,4628.10,PR-ORD000393,2025-01-15T04:17:46+00:00
ORD000394,wallet,captured,280.12,PR-ORD000394,2025-01-23T23:52:24+00:00
ORD000395,wire,captured,9438.48,PR-ORD000395,2025-04-02T17:29:05+00:00
ORD000396,wire,captured,1981.49,PR-ORD000396,2025-10-24T15:18:41+00:00
ORD000397,card,authorized,4419.96,PR-ORD000397,2025-06-11T07:45:29+00:00
ORD000398,cash,captured,1866.57,PR-ORD000398,2025-05-20T23:19:34+00:00
ORD000399,cash,failed,3620.51,PR-ORD000399,2025-06-09T03:44:47+00:00
ORD000400,wallet,captured,1781.58,PR-ORD000400,2026-06-14T10:51:38+00:00
ORD000401,wire,captured,13372.51,PR-ORD000401,2025-03-12T15:56:26+00:00
ORD000402,card,authorized,13560.91,PR-ORD000402,2025-10-22T11:37:23+00:00
ORD000403,card,authorized,6078.61,PR-ORD000403,2025-09-10T03:27:24+00:00
ORD000404,cash,authorized,3845.94,PR-ORD000404,2026-05-19T15:27:01+00:00
ORD000405,cash,captured,14250.64,PR-ORD000405,2025-10-06T01:42:28+00:00
ORD000406,cash,captured,125.97,PR-ORD000406,2025-04-02T15:34:58+00:00
ORD000407,cash,captured,10953.41,PR-ORD000407,2025-04-14T14:30:00+00:00
ORD000408,cash,authorized,2944.42,PR-ORD000408,2026-02-26T14:02:44+00:00
ORD000409,wire,captured,6354.08,PR-ORD000409,2026-07-02T04:40:36+00:00
ORD000410,wire,authorized,1624.58,PR-ORD000410,2025-04-14T17:52:57+00:00
ORD000411,cash,captured,3893.43,PR-ORD000411,2026-06-03T15:19:12+00:00
ORD000412,wire,pending,1238.66,PR-ORD000412,
ORD000413,bank_transfer,failed,8824.52,PR-ORD000413,2025-11-30T20:06:56+00:00
ORD000414,wallet,captured,4693.30,PR-ORD000414,2026-07-19T02:05:49+00:00
ORD000416,card,captured,5336.34,PR-ORD000416,2025-12-12T06:58:57+00:00
ORD000417,bank_transfer,failed,1811.52,PR-ORD000417,2025-07-03T13:18:40+00:00
ORD000418,wallet,captured,4856.20,PR-ORD000418,2026-04-16T05:48:52+00:00
ORD000420,card,captured,4986.16,PR-ORD000420,2025-07-07T00:12:37+00:00
ORD000421,card,authorized,5513.05,PR-ORD000421,2026-04-13T00:46:41+00:00
ORD000423,cash,authorized,4639.84,PR-ORD000423,2026-08-23T02:59:28+00:00
ORD000424,wallet,captured,12666.10,PR-ORD000424,2026-03-31T01:08:24+00:00
ORD000425,wallet,captured,9943.64,PR-ORD000425,2025-08-24T14:41:44+00:00
ORD000427,wallet,captured,2474.47,PR-ORD000427,2026-05-27T06:56:10+00:00
ORD000428,bank_transfer,captured,15129.00,PR-ORD000428,2025-05-01T15:16:50+00:00
ORD000429,wire,captured,2548.41,PR-ORD000429,2026-06-13T11:08:29+00:00
ORD000430,wire,captured,3402.07,PR-ORD000430,2025-02-23T00:37:43+00:00
ORD000431,wallet,authorized,5323.07,PR-ORD000431,2026-07-06T00:41:40+00:00
ORD000432,wallet,captured,4443.17,PR-ORD000432,2025-11-30T04:59:34+00:00
ORD000433,wire,captured,4229.21,PR-ORD000433,2025-10-13T11:21:20+00:00
ORD000434,wire,captured,597.50,PR-ORD000434,2025-06-04T22:54:03+00:00
ORD000435,wire,authorized,2438.45,PR-ORD000435,2025-02-17T23:01:37+00:00
ORD000436,card,captured,688.36,PR-ORD000436,2026-02-12T05:31:16+00:00
ORD000438,card,captured,1277.87,PR-ORD000438,2025-11-14T18:50:05+00:00
ORD000439,wire,authorized,4205.20,PR-ORD000439,2026-06-24T08:30:48+00:00
ORD000440,wire,authorized,3756.50,PR-ORD000440,2026-06-12T16:20:55+00:00
ORD000441,bank_transfer,authorized,2181.96,PR-ORD000441,2026-06-12T12:47:31+00:00
ORD000442,cash,captured,5918.46,PR-ORD000442,2025-04-21T17:53:30+00:00
ORD000443,card,captured,4107.48,PR-ORD000443,2025-12-10T21:30:50+00:00
ORD000444,wire,failed,2185.88,PR-ORD000444,2025-08-02T07:59:56+00:00
ORD000445,wallet,captured,951.22,PR-ORD000445,2025-10-09T11:30:48+00:00
ORD000447,card,captured,10586.45,PR-ORD000447,2026-05-10T07:29:54+00:00
ORD000448,wire,captured,17720.14,PR-ORD000448,2025-09-28T00:26:47+00:00
ORD000449,cash,captured,15327.64,PR-ORD000449,2025-06-06T15:34:57+00:00
ORD000450,wallet,captured,3088.69,PR-ORD000450,2025-09-21T02:29:44+00:00
ORD000451,bank_transfer,captured,1386.10,PR-ORD000451,2025-09-15T15:51:40+00:00
ORD000452,wire,captured,4514.73,PR-ORD000452,2026-06-01T00:29:41+00:00
ORD000453,wallet,captured,1399.20,PR-ORD000453,2025-12-07T05:24:01+00:00
ORD000454,cash,captured,16262.05,PR-ORD000454,2025-09-22T05:58:53+00:00
ORD000455,cash,captured,810.63,PR-ORD000455,2025-01-31T01:53:07+00:00
ORD000456,card,failed,7558.92,PR-ORD000456,2025-06-23T21:09:36+00:00
ORD000457,cash,authorized,2799.29,PR-ORD000457,2025-01-29T19:40:33+00:00
ORD000458,wire,authorized,6332.03,PR-ORD000458,2025-09-27T11:25:27+00:00
ORD000459,wire,captured,924.24,PR-ORD000459,2026-01-02T19:18:38+00:00
ORD000460,wire,authorized,4649.28,PR-ORD000460,2025-12-08T12:13:56+00:00
ORD000461,cash,captured,4883.60,PR-ORD000461,2026-05-24T04:59:40+00:00
ORD000462,bank_transfer,captured,11240.15,PR-ORD000462,2025-03-22T08:38:17+00:00
ORD000463,wallet,captured,5147.65,PR-ORD000463,2026-08-25T10:47:44+00:00
ORD000464,card,authorized,4542.72,PR-ORD000464,2025-10-02T14:04:35+00:00
ORD000465,bank_transfer,captured,457.44,PR-ORD000465,2025-10-11T15:26:10+00:00
ORD000466,wire,captured,6343.25,PR-ORD000466,2025-07-08T17:27:36+00:00
ORD000469,bank_transfer,failed,3618.10,PR-ORD000469,2025-04-15T15:55:29+00:00
ORD000470,wire,authorized,5238.24,PR-ORD000470,2026-06-30T17:22:51+00:00
ORD000473,bank_transfer,captured,13865.97,PR-ORD000473,2026-03-30T21:12:26+00:00
ORD000474,card,authorized,2996.00,PR-ORD000474,2025-05-13T08:52:19+00:00
ORD000475,wire,captured,831.32,PR-ORD000475,2025-10-27T10:54:31+00:00
ORD000477,wallet,captured,6575.40,PR-ORD000477,2025-01-08T01:30:18+00:00
ORD000478,wallet,captured,14589.09,PR-ORD000478,2025-02-22T06:45:33+00:00
ORD000479,wallet,pending,13695.00,PR-ORD000479,
ORD000480,wire,captured,3187.40,PR-ORD000480,2026-06-25T17:05:39+00:00
ORD000481,wallet,captured,6087.72,PR-ORD000481,2026-08-21T21:33:28+00:00
ORD000483,cash,captured,15061.72,PR-ORD000483,2025-10-01T19:07:08+00:00
ORD000485,bank_transfer,captured,5748.46,PR-ORD000485,2025-06-01T05:35:07+00:00
ORD000486,wallet,captured,2159.34,PR-ORD000486,2026-05-15T14:15:47+00:00
ORD000487,bank_transfer,authorized,2867.45,PR-ORD000487,2025-03-08T13:46:51+00:00
ORD000488,bank_transfer,captured,1467.87,PR-ORD000488,2025-04-20T01:28:17+00:00
ORD000489,card,failed,4659.84,PR-ORD000489,2025-09-23T00:42:18+00:00
ORD000490,wallet,captured,6668.95,PR-ORD000490,2025-12-08T09:34:47+00:00
ORD000491,card,captured,1024.45,PR-ORD000491,2026-01-15T22:20:38+00:00
ORD000492,wallet,failed,10268.78,PR-ORD000492,2026-01-19T08:48:03+00:00
ORD000493,wallet,captured,6693.77,PR-ORD000493,2025-03-07T12:38:07+00:00
ORD000494,card,captured,6471.59,PR-ORD000494,2026-04-05T02:16:25+00:00
ORD000495,cash,captured,477.95,PR-ORD000495,2026-06-12T07:41:54+00:00
ORD000496,card,captured,3657.77,PR-ORD000496,2026-04-14T21:43:23+00:00
ORD000497,wallet,captured,12178.01,PR-ORD000497,2025-06-01T13:16:38+00:00
ORD000498,cash,captured,8301.64,PR-ORD000498,2025-08-10T23:54:21+00:00
ORD000499,bank_transfer,authorized,1835.80,PR-ORD000499,2025-01-12T12:58:19+00:00
ORD000500,wallet,captured,377.85,PR-ORD000500,2026-03-31T12:40:44+00:00
ORD000501,bank_transfer,captured,8375.64,PR-ORD000501,2025-06-22T19:31:04+00:00
ORD000502,wallet,authorized,801.45,PR-ORD000502,2025-09-25T17:32:05+00:00
ORD000503,wallet,captured,2999.11,PR-ORD000503,2025-07-29T06:08:57+00:00
ORD000504,cash,captured,5149.65,PR-ORD000504,2026-06-07T16:30:45+00:00
ORD000505,wallet,captured,6964.40,PR-ORD000505,2025-03-21T21:29:11+00:00
ORD000506,wire,captured,12950.72,PR-ORD000506,2026-04-06T16:27:53+00:00
ORD000507,card,failed,5548.26,PR-ORD000507,2026-03-11T19:11:21+00:00
ORD000508,wire,captured,17507.46,PR-ORD000508,2026-03-31T08:41:19+00:00
ORD000509,wire,captured,4790.74,PR-ORD000509,2025-12-07T20:27:05+00:00
ORD000510,cash,captured,6553.44,PR-ORD000510,2025-08-07T18:00:27+00:00
ORD000511,wire,captured,13562.38,PR-ORD000511,2025-02-25T10:05:27+00:00
ORD000512,bank_transfer,captured,6449.12,PR-ORD000512,2025-03-21T03:55:39+00:00
ORD000513,wire,refunded,7127.80,PR-ORD000513,2025-10-14T15:33:42+00:00
ORD000514,cash,captured,9813.85,PR-ORD000514,2026-01-29T15:27:25+00:00
ORD000516,wallet,failed,7926.59,PR-ORD000516,2025-12-04T16:05:35+00:00
ORD000517,cash,captured,3749.29,PR-ORD000517,2026-02-24T11:30:54+00:00
ORD000518,wire,authorized,1144.88,PR-ORD000518,2025-01-12T18:35:34+00:00
ORD000519,card,captured,1843.88,PR-ORD000519,2026-02-22T04:15:39+00:00
ORD000520,bank_transfer,failed,4113.60,PR-ORD000520,2026-06-11T11:45:32+00:00
ORD000522,card,authorized,5905.31,PR-ORD000522,2025-04-08T12:05:55+00:00
ORD000523,wallet,refunded,9440.36,PR-ORD000523,2025-09-26T08:16:05+00:00
ORD000524,card,refunded,9218.13,PR-ORD000524,2025-03-11T07:30:08+00:00
ORD000525,wire,refunded,689.85,PR-ORD000525,2025-02-01T08:11:19+00:00
ORD000526,wire,captured,5613.37,PR-ORD000526,2025-11-03T04:37:14+00:00
ORD000527,wallet,captured,5131.43,PR-ORD000527,2026-01-11T13:31:17+00:00
ORD000528,wallet,captured,9580.81,PR-ORD000528,2025-09-05T22:05:17+00:00
ORD000529,cash,captured,7117.96,PR-ORD000529,2025-07-14T03:28:45+00:00
ORD000530,wallet,captured,426.16,PR-ORD000530,2026-03-05T17:38:10+00:00
ORD000531,card,captured,581.17,PR-ORD000531,2025-06-27T02:18:57+00:00
ORD000533,wallet,captured,2599.49,PR-ORD000533,2026-07-04T20:54:54+00:00
ORD000534,cash,failed,7869.91,PR-ORD000534,2026-06-20T09:37:52+00:00
ORD000535,cash,captured,2915.98,PR-ORD000535,2025-09-23T11:00:33+00:00
ORD000536,wallet,captured,689.68,PR-ORD000536,2025-08-15T17:36:08+00:00
ORD000537,wallet,pending,3888.65,PR-ORD000537,
ORD000538,wire,failed,2493.19,PR-ORD000538,2026-07-09T10:44:01+00:00
ORD000539,bank_transfer,captured,1834.12,PR-ORD000539,2025-05-04T03:52:37+00:00
ORD000540,wallet,captured,5002.14,PR-ORD000540,2025-03-08T02:20:34+00:00
ORD000541,wire,pending,9804.73,PR-ORD000541,
ORD000542,wallet,captured,1219.19,PR-ORD000542,2025-12-29T13:23:04+00:00
ORD000543,cash,failed,4699.30,PR-ORD000543,2026-05-10T01:40:56+00:00
ORD000544,bank_transfer,captured,2904.42,PR-ORD000544,2026-07-11T07:08:08+00:00
ORD000546,bank_transfer,captured,5290.68,PR-ORD000546,2025-07-21T10:22:53+00:00
ORD000547,wire,captured,2827.54,PR-ORD000547,2026-07-26T09:51:55+00:00
ORD000548,cash,captured,5409.09,PR-ORD000548,2025-01-22T00:21:18+00:00
ORD000549,bank_transfer,authorized,2453.42,PR-ORD000549,2026-04-18T07:54:19+00:00
ORD000550,wire,failed,10372.40,PR-ORD000550,2025-01-02T06:36:39+00:00
ORD000551,bank_transfer,captured,2268.37,PR-ORD000551,2025-04-02T13:48:36+00:00
ORD000552,cash,failed,10359.75,PR-ORD000552,2025-12-03T20:34:43+00:00
ORD000553,wire,captured,8631.09,PR-ORD000553,2025-01-06T18:54:40+00:00
ORD000555,wire,captured,8867.35,PR-ORD000555,2026-05-29T17:39:44+00:00
ORD000556,bank_transfer,captured,3417.22,PR-ORD000556,2025-01-03T05:30:45+00:00
ORD000557,bank_transfer,authorized,8860.50,PR-ORD000557,2025-02-10T07:56:10+00:00
ORD000558,card,failed,4558.91,PR-ORD000558,2026-05-29T09:33:21+00:00
ORD000561,wallet,captured,7121.30,PR-ORD000561,2025-07-30T19:58:45+00:00
ORD000563,wire,captured,10585.24,PR-ORD000563,2026-07-27T23:43:08+00:00
ORD000564,cash,failed,9996.33,PR-ORD000564,2025-05-04T07:08:22+00:00
ORD000565,card,authorized,1572.43,PR-ORD000565,2025-09-15T22:07:09+00:00
ORD000566,card,captured,10005.94,PR-ORD000566,2025-09-04T21:41:05+00:00
ORD000567,cash,captured,3608.77,PR-ORD000567,2026-01-20T16:22:13+00:00
ORD000568,card,captured,1284.29,PR-ORD000568,2025-06-22T07:20:52+00:00
ORD000569,cash,captured,5731.80,PR-ORD000569,2026-08-05T23:37:34+00:00
ORD000570,cash,captured,5823.58,PR-ORD000570,2025-07-12T07:56:48+00:00
ORD000571,bank_transfer,captured,1034.24,PR-ORD000571,2025-05-14T22:59:19+00:00
ORD000572,wire,captured,2455.45,PR-ORD000572,2025-01-30T22:12:34+00:00
ORD000573,card,refunded,3642.56,PR-ORD000573,2025-07-21T11:00:55+00:00
ORD000574,cash,authorized,1824.84,PR-ORD000574,2026-05-24T19:45:00+00:00
ORD000575,cash,failed,9093.87,PR-ORD000575,2025-02-28T03:22:11+00:00
ORD000576,wire,failed,2810.99,PR-ORD000576,2025-07-30T17:35:18+00:00
ORD000578,bank_transfer,captured,1576.67,PR-ORD000578,2025-07-21T22:54:02+00:00
ORD000579,card,captured,5642.26,PR-ORD000579,2025-03-23T22:28:49+00:00
ORD000580,bank_transfer,captured,6387.66,PR-ORD000580,2026-02-22T04:47:42+00:00
ORD000581,wire,captured,5474.98,PR-ORD000581,2026-03-12T20:09:01+00:00
ORD000582,wire,captured,1968.33,PR-ORD000582,2025-09-19T22:32:40+00:00
ORD000583,wire,captured,5365.19,PR-ORD000583,2026-05-16T16:34:05+00:00
ORD000584,cash,captured,6428.50,PR-ORD000584,2025-09-14T22:26:58+00:00
ORD000586,card,captured,6248.23,PR-ORD000586,2025-06-23T15:40:32+00:00
ORD000587,bank_transfer,captured,6922.48,PR-ORD000587,2026-04-14T12:00:18+00:00
ORD000588,bank_transfer,authorized,1102.04,PR-ORD000588,2025-07-14T00:39:31+00:00
ORD000589,card,failed,3877.33,PR-ORD000589,2026-04-03T17:35:42+00:00
ORD000590,card,captured,6505.37,PR-ORD000590,2025-10-20T22:16:30+00:00
ORD000591,wallet,failed,4335.53,PR-ORD000591,2026-02-17T03:17:51+00:00
ORD000592,cash,refunded,4497.33,PR-ORD000592,2026-02-12T10:50:47+00:00
ORD000593,cash,failed,9313.35,PR-ORD000593,2025-01-10T03:35:24+00:00
ORD000594,cash,authorized,10919.86,PR-ORD000594,2025-04-23T06:47:18+00:00
ORD000595,card,captured,8730.71,PR-ORD000595,2025-02-27T18:03:11+00:00
ORD000596,wire,refunded,12771.34,PR-ORD000596,2025-05-31T17:01:07+00:00
ORD000597,wallet,captured,2540.45,PR-ORD000597,2026-06-06T21:31:48+00:00
ORD000598,wallet,captured,3217.36,PR-ORD000598,2025-10-17T11:16:06+00:00
ORD000599,bank_transfer,captured,2896.49,PR-ORD000599,2025-10-23T04:33:01+00:00
ORD000600,cash,failed,1279.61,PR-ORD000600,2025-08-11T19:41:02+00:00
