order_number,product_sku,quantity,unit_price,line_discount,line_total
ORD000001,SKU000044,1,1091.23,87.30,1003.93
ORD000001,SKU000066,3,302.75,15.14,893.11
ORD000001,SKU000160,3,945.61,28.37,2808.46
ORD000002,SKU000150,2,1450.00,0.00,2900.00
ORD000002,SKU000132,2,1306.17,65.31,2547.03
ORD000002,SKU000159,2,1627.39,0.00,3254.78
ORD000003,SKU000184,2,1750.03,87.50,3412.56
ORD000004,SKU000024,3,744.49,37.22,2196.25
ORD000004,SKU000070,1,518.67,0.00,518.67
ORD000005,SKU000039,3,1013.78,30.41,3010.93
ORD000005,SKU000237,3,970.84,77.67,2834.85
ORD000005,SKU000009,4,101.86,3.06,404.38
ORD000005,SKU000093,2,1142.61,0.00,2285.22
ORD000006,SKU000235,3,407.80,0.00,1223.40
ORD000006,SKU000077,4,1147.07,0.00,4588.28
ORD000006,SKU000187,2,1236.11,37.08,2435.14
ORD000006,SKU000152,2,866.00,25.98,1706.02
ORD000007,SKU000221,4,789.98,0.00,3159.92
ORD000007,SKU000013,3,150.50,12.04,439.46
ORD000007,SKU000109,4,1497.93,44.94,5946.78
ORD000007,SKU000080,3,168.98,0.00,506.94
ORD000007,SKU000031,4,835.00,66.80,3273.20
ORD000008,SKU000232,3,864.16,69.13,2523.35
ORD000008,SKU000209,1,469.21,0.00,469.21
ORD000009,SKU000063,3,549.51,0.00,1648.53
ORD000009,SKU000008,1,930.88,74.47,856.41
ORD000009,SKU000168,1,548.18,16.45,531.73
ORD000009,SKU000145,1,236.50,7.10,229.40
ORD000009,SKU000046,4,792.34,23.77,3145.59
ORD000010,SKU000099,2,1131.42,0.00,2262.84
ORD000010,SKU000070,3,518.67,15.56,1540.45
ORD000010,SKU000102,2,331.24,0.00,662.48
ORD000010,SKU000117,3,1116.73,33.50,3316.69
ORD000010,SKU000209,2,469.21,0.00,938.42
ORD000011,SKU000204,1,891.76,44.59,847.17
ORD000012,SKU000043,3,1091.40,54.57,3219.63
ORD000012,SKU000175,4,1497.47,119.80,5870.08
ORD000012,SKU000011,1,359.63,0.00,359.63
ORD000013,SKU000174,3,193.35,0.00,580.05
ORD000013,SKU000067,2,41.76,2.09,81.43
ORD000013,SKU000129,4,312.97,0.00,1251.88
ORD000013,SKU000097,4,1547.72,123.82,6067.06
ORD000013,SKU000193,3,96.54,0.00,289.62
ORD000014,SKU000059,1,1823.70,91.18,1732.52
ORD000015,SKU000072,4,984.38,29.53,3907.99
ORD000015,SKU000106,3,1156.47,57.82,3411.59
ORD000015,SKU000084,1,111.96,8.96,103.00
ORD000016,SKU000052,2,1270.42,101.63,2439.21
ORD000016,SKU000141,4,760.13,0.00,3040.52
ORD000016,SKU000030,3,1263.29,63.16,3726.71
ORD000017,SKU000070,1,518.67,15.56,503.11
ORD000017,SKU000196,4,1705.94,51.18,6772.58
ORD000018,SKU000105,2,978.05,29.34,1926.76
ORD000019,SKU000239,4,1628.02,130.24,6381.84
ORD000019,SKU000158,4,883.64,44.18,3490.38
ORD000020,SKU000235,3,407.80,0.00,1223.40
ORD000021,SKU000128,1,1194.18,95.53,1098.65
ORD000022,SKU000141,3,760.13,0.00,2280.39
ORD000022,SKU000051,2,544.71,16.34,1073.08
ORD000022,SKU000031,2,835.00,0.00,1670.00
ORD000022,SKU000069,1,786.47,23.59,762.88
ORD000023,SKU000108,2,690.38,0.00,1380.76
ORD000023,SKU000054,2,46.95,2.35,91.55
ORD000023,SKU000021,4,796.21,63.70,3121.14
ORD000024,SKU000065,3,454.03,0.00,1362.09
ORD000024,SKU000109,2,1497.93,0.00,2995.86
ORD000024,SKU000199,2,166.64,5.00,328.28
ORD000025,SKU000129,3,312.97,0.00,938.91
ORD000026,SKU000081,3,1094.91,0.00,3284.73
ORD000026,SKU000226,3,863.90,25.92,2565.78
ORD000026,SKU000108,2,690.38,20.71,1360.05
ORD000027,SKU000166,3,718.17,0.00,2154.51
ORD000027,SKU000028,2,1324.73,0.00,2649.46
ORD000027,SKU000037,3,151.75,4.55,450.70
ORD000028,SKU000132,2,1306.17,65.31,2547.03
ORD000028,SKU000231,4,340.59,10.22,1352.14
ORD000029,SKU000074,2,410.55,0.00,821.10
ORD000029,SKU000151,3,332.71,16.64,981.49
ORD000029,SKU000142,3,1264.47,0.00,3793.41
ORD000029,SKU000014,2,1252.99,100.24,2405.74
ORD000029,SKU000118,1,844.81,0.00,844.81
ORD000030,SKU000079,2,62.21,4.98,119.44
ORD000030,SKU000092,1,593.82,47.51,546.31
ORD000030,SKU000065,3,454.03,0.00,1362.09
ORD000030,SKU000063,4,549.51,16.49,2181.55
ORD000030,SKU000055,3,190.67,0.00,572.01
ORD000031,SKU000101,4,1301.72,0.00,5206.88
ORD000031,SKU000013,4,150.50,12.04,589.96
ORD000031,SKU000076,3,788.05,0.00,2364.15
ORD000032,SKU000129,2,312.97,9.39,616.55
ORD000032,SKU000022,2,1191.12,0.00,2382.24
ORD000032,SKU000181,4,757.86,0.00,3031.44
ORD000032,SKU000127,4,1186.13,35.58,4708.94
ORD000033,SKU000022,2,1191.12,0.00,2382.24
ORD000033,SKU000227,1,1087.40,0.00,1087.40
ORD000034,SKU000003,4,1186.09,94.89,4649.47
ORD000034,SKU000206,3,1174.43,0.00,3523.29
ORD000035,SKU000085,1,1323.96,0.00,1323.96
ORD000036,SKU000026,2,1077.05,0.00,2154.10
ORD000036,SKU000034,3,1160.13,0.00,3480.39
ORD000036,SKU000213,1,344.58,17.23,327.35
ORD000037,SKU000200,4,349.91,0.00,1399.64
ORD000037,SKU000229,2,442.53,13.28,871.78
ORD000037,SKU000216,2,1356.98,0.00,2713.96
ORD000037,SKU000015,4,42.59,2.13,168.23
ORD000037,SKU000121,3,1218.18,0.00,3654.54
ORD000038,SKU000229,4,442.53,22.13,1747.99
ORD000038,SKU000174,4,193.35,0.00,773.40
ORD000038,SKU000112,3,898.53,26.96,2668.63
ORD000038,SKU000166,1,718.17,0.00,718.17
ORD000039,SKU000205,3,158.69,4.76,471.31
ORD000039,SKU000096,4,1036.81,31.10,4116.14
ORD000040,SKU000234,4,1026.73,0.00,4106.92
ORD000040,SKU000228,3,1037.80,51.89,3061.51
ORD000040,SKU000079,2,62.21,0.00,124.42
ORD000040,SKU000219,4,890.49,0.00,3561.96
ORD000040,SKU000031,1,835.00,0.00,835.00
ORD000041,SKU000180,3,152.83,7.64,450.85
ORD000042,SKU000112,1,898.53,71.88,826.65
ORD000042,SKU000077,4,1147.07,0.00,4588.28
ORD000043,SKU000101,2,1301.72,0.00,2603.44
ORD000043,SKU000203,1,401.86,0.00,401.86
ORD000043,SKU000039,2,1013.78,81.10,1946.46
ORD000044,SKU000133,2,1376.23,110.10,2642.36
ORD000045,SKU000130,3,104.47,0.00,313.41
ORD000045,SKU000052,4,1270.42,0.00,5081.68
ORD000045,SKU000045,1,188.51,15.08,173.43
ORD000046,SKU000086,1,16.87,1.35,15.52
ORD000047,SKU000182,3,687.88,34.39,2029.25
ORD000047,SKU000169,3,229.44,18.36,669.96
ORD000047,SKU000211,2,496.71,0.00,993.42
ORD000047,SKU000078,3,1553.99,46.62,4615.35
ORD000047,SKU000038,3,278.56,8.36,827.32
ORD000048,SKU000066,2,302.75,15.14,590.36
ORD000048,SKU000082,1,464.98,0.00,464.98
ORD000048,SKU000209,2,469.21,0.00,938.42
ORD000048,SKU000157,3,614.14,49.13,1793.29
ORD000049,SKU000146,4,1880.37,0.00,7521.48
ORD000049,SKU000239,2,1628.02,130.24,3125.80
ORD000049,SKU000080,2,168.98,8.45,329.51
ORD000049,SKU000047,4,1452.61,0.00,5810.44
ORD000049,SKU000149,1,1828.38,0.00,1828.38
ORD000050,SKU000083,3,129.95,6.50,383.35
ORD000051,SKU000119,4,1539.31,0.00,6157.24
ORD000051,SKU000129,2,312.97,15.65,610.29
ORD000051,SKU000094,1,28.32,0.00,28.32
ORD000051,SKU000151,1,332.71,0.00,332.71
ORD000052,SKU000004,1,494.05,39.52,454.53
ORD000052,SKU000173,4,133.76,0.00,535.04
ORD000052,SKU000105,3,978.05,0.00,2934.15
ORD000053,SKU000060,4,351.08,10.53,1393.79
ORD000054,SKU000050,3,187.28,0.00,561.84
ORD000055,SKU000125,4,1425.63,0.00,5702.52
ORD000055,SKU000160,2,945.61,0.00,1891.22
ORD000056,SKU000139,1,99.94,0.00,99.94
ORD000056,SKU000219,3,890.49,0.00,2671.47
ORD000056,SKU000149,3,1828.38,0.00,5485.14
ORD000056,SKU000122,2,588.39,0.00,1176.78
ORD000057,SKU000239,3,1628.02,0.00,4884.06
ORD000057,SKU000208,3,249.16,7.47,740.01
ORD000057,SKU000034,4,1160.13,92.81,4547.71
ORD000058,SKU000053,3,640.96,0.00,1922.88
ORD000058,SKU000124,1,300.12,0.00,300.12
ORD000058,SKU000218,3,272.52,0.00,817.56
ORD000058,SKU000240,3,706.34,21.19,2097.83
ORD000059,SKU000074,1,410.55,12.32,398.23
ORD000059,SKU000018,1,133.56,0.00,133.56
ORD000059,SKU000082,4,464.98,0.00,1859.92
ORD000059,SKU000200,3,349.91,0.00,1049.73
ORD000060,SKU000088,2,1898.00,94.90,3701.10
ORD000060,SKU000092,3,593.82,0.00,1781.46
ORD000061,SKU000142,2,1264.47,101.16,2427.78
ORD000061,SKU000161,3,229.33,11.47,676.52
ORD000061,SKU000215,2,560.50,44.84,1076.16
ORD000062,SKU000095,3,1103.40,55.17,3255.03
ORD000063,SKU000224,1,1434.98,43.05,1391.93
ORD000063,SKU000238,1,1002.56,80.20,922.36
ORD000063,SKU000181,4,757.86,22.74,3008.70
ORD000063,SKU000089,4,872.47,0.00,3489.88
ORD000064,SKU000090,3,604.26,30.21,1782.57
ORD000064,SKU000007,2,614.56,0.00,1229.12
ORD000065,SKU000032,3,515.64,15.47,1531.45
ORD000065,SKU000033,1,533.46,0.00,533.46
ORD000066,SKU000116,3,132.39,3.97,393.20
ORD000066,SKU000098,3,585.10,29.26,1726.04
ORD000066,SKU000088,2,1898.00,0.00,3796.00
ORD000066,SKU000104,3,934.38,46.72,2756.42
ORD000066,SKU000222,4,1076.90,0.00,4307.60
ORD000067,SKU000040,2,1173.46,0.00,2346.92
ORD000068,SKU000093,4,1142.61,34.28,4536.16
ORD000068,SKU000179,1,519.97,0.00,519.97
ORD000068,SKU000213,1,344.58,27.57,317.01
ORD000069,SKU000180,2,152.83,7.64,298.02
ORD000070,SKU000028,3,1324.73,66.24,3907.95
ORD000070,SKU000121,1,1218.18,0.00,1218.18
ORD000070,SKU000137,1,951.04,47.55,903.49
ORD000070,SKU000107,4,1434.31,0.00,5737.24
ORD000071,SKU000198,1,81.28,0.00,81.28
ORD000071,SKU000041,2,803.27,0.00,1606.54
ORD000071,SKU000012,3,510.87,25.54,1507.07
ORD000071,SKU000050,1,187.28,14.98,172.30
ORD000072,SKU000053,4,640.96,0.00,2563.84
ORD000072,SKU000151,2,332.71,0.00,665.42
ORD000073,SKU000133,3,1376.23,68.81,4059.88
ORD000073,SKU000131,1,1147.19,57.36,1089.83
ORD000073,SKU000230,4,340.66,17.03,1345.61
ORD000073,SKU000094,1,28.32,0.85,27.47
ORD000074,SKU000154,4,453.74,22.69,1792.27
ORD000074,SKU000209,2,469.21,14.08,924.34
ORD000074,SKU000147,4,430.30,34.42,1686.78
ORD000075,SKU000032,2,515.64,15.47,1015.81
ORD000075,SKU000100,2,763.22,38.16,1488.28
ORD000076,SKU000045,3,188.51,9.43,556.10
ORD000076,SKU000142,2,1264.47,101.16,2427.78
ORD000076,SKU000034,1,1160.13,58.01,1102.12
ORD000076,SKU000011,4,359.63,17.98,1420.54
ORD000077,SKU000117,4,1116.73,55.84,4411.08
ORD000077,SKU000213,2,344.58,17.23,671.93
ORD000078,SKU000122,2,588.39,0.00,1176.78
ORD000078,SKU000037,4,151.75,4.55,602.45
ORD000078,SKU000012,1,510.87,0.00,510.87
ORD000078,SKU000150,2,1450.00,43.50,2856.50
ORD000079,SKU000194,1,757.78,0.00,757.78
ORD000079,SKU000234,1,1026.73,0.00,1026.73
ORD000079,SKU000034,3,1160.13,0.00,3480.39
ORD000079,SKU000005,1,1493.85,74.69,1419.16
ORD000079,SKU000140,3,100.33,0.00,300.99
ORD000080,SKU000025,3,907.82,0.00,2723.46
ORD000081,SKU000103,3,390.61,0.00,1171.83
ORD000082,SKU000174,3,193.35,15.47,564.58
ORD000082,SKU000096,1,1036.81,51.84,984.97
ORD000082,SKU000047,1,1452.61,72.63,1379.98
ORD000082,SKU000204,4,891.76,26.75,3540.29
ORD000083,SKU000029,3,842.45,25.27,2502.08
ORD000084,SKU000232,1,864.16,43.21,820.95
ORD000084,SKU000089,4,872.47,43.62,3446.26
ORD000084,SKU000034,4,1160.13,0.00,4640.52
ORD000084,SKU000033,3,533.46,0.00,1600.38
ORD000084,SKU000147,1,430.30,21.52,408.78
ORD000085,SKU000164,1,222.51,0.00,222.51
ORD000086,SKU000215,2,560.50,0.00,1121.00
ORD000086,SKU000048,1,1423.30,113.86,1309.44
ORD000086,SKU000023,2,1161.90,0.00,2323.80
ORD000087,SKU000202,4,103.62,8.29,406.19
ORD000087,SKU000011,3,359.63,28.77,1050.12
ORD000087,SKU000025,4,907.82,0.00,3631.28
ORD000088,SKU000046,4,792.34,39.62,3129.74
ORD000088,SKU000180,4,152.83,7.64,603.68
ORD000088,SKU000234,2,1026.73,30.80,2022.66
ORD000088,SKU000059,1,1823.70,91.18,1732.52
ORD000088,SKU000188,1,121.81,0.00,121.81
ORD000089,SKU000133,4,1376.23,110.10,5394.82
ORD000089,SKU000229,1,442.53,0.00,442.53
ORD000090,SKU000209,1,469.21,14.08,455.13
ORD000090,SKU000192,2,804.31,40.22,1568.40
ORD000090,SKU000078,3,1553.99,0.00,4661.97
ORD000091,SKU000007,4,614.56,0.00,2458.24
ORD000091,SKU000235,1,407.80,20.39,387.41
ORD000092,SKU000065,1,454.03,36.32,417.71
ORD000093,SKU000024,2,744.49,59.56,1429.42
ORD000093,SKU000195,3,13.48,0.00,40.44
ORD000093,SKU000200,3,349.91,17.50,1032.23
ORD000093,SKU000065,4,454.03,22.70,1793.42
ORD000093,SKU000121,4,1218.18,97.45,4775.27
ORD000094,SKU000089,1,872.47,43.62,828.85
ORD000094,SKU000182,1,687.88,0.00,687.88
ORD000095,SKU000202,3,103.62,5.18,305.68
ORD000095,SKU000030,1,1263.29,37.90,1225.39
ORD000095,SKU000027,2,388.75,0.00,777.50
ORD000095,SKU000085,3,1323.96,0.00,3971.88
ORD000095,SKU000136,4,716.60,0.00,2866.40
ORD000096,SKU000152,2,866.00,0.00,1732.00
ORD000096,SKU000056,1,755.43,0.00,755.43
ORD000096,SKU000014,2,1252.99,100.24,2405.74
ORD000097,SKU000128,1,1194.18,0.00,1194.18
ORD000097,SKU000161,2,229.33,0.00,458.66
ORD000097,SKU000062,3,857.25,0.00,2571.75
ORD000097,SKU000117,1,1116.73,55.84,1060.89
ORD000097,SKU000154,1,453.74,22.69,431.05
ORD000098,SKU000146,4,1880.37,150.43,7371.05
ORD000098,SKU000027,1,388.75,11.66,377.09
ORD000098,SKU000085,2,1323.96,66.20,2581.72
ORD000099,SKU000028,1,1324.73,0.00,1324.73
ORD000099,SKU000131,2,1147.19,0.00,2294.38
ORD000099,SKU000011,2,359.63,0.00,719.26
ORD000099,SKU000230,1,340.66,10.22,330.44
ORD000100,SKU000166,4,718.17,21.55,2851.13
ORD000101,SKU000129,1,312.97,25.04,287.93
ORD000101,SKU000229,3,442.53,22.13,1305.46
ORD000101,SKU000111,2,381.74,30.54,732.94
ORD000101,SKU000178,4,622.16,0.00,2488.64
ORD000102,SKU000107,3,1434.31,114.74,4188.19
ORD000102,SKU000028,4,1324.73,39.74,5259.18
ORD000102,SKU000114,3,1328.98,0.00,3986.94
ORD000102,SKU000035,4,1737.47,139.00,6810.88
ORD000102,SKU000031,2,835.00,0.00,1670.00
ORD000103,SKU000014,3,1252.99,100.24,3658.73
ORD000103,SKU000182,2,687.88,20.64,1355.12
ORD000103,SKU000009,3,101.86,0.00,305.58
ORD000103,SKU000023,1,1161.90,92.95,1068.95
ORD000103,SKU000041,3,803.27,40.16,2369.65
ORD000104,SKU000160,2,945.61,28.37,1862.85
ORD000104,SKU000185,3,789.70,23.69,2345.41
ORD000104,SKU000109,4,1497.93,44.94,5946.78
ORD000105,SKU000208,3,249.16,7.47,740.01
ORD000105,SKU000223,3,648.85,51.91,1894.64
ORD000106,SKU000220,3,202.19,6.07,600.50
ORD000106,SKU000128,2,1194.18,0.00,2388.36
ORD000106,SKU000232,2,864.16,0.00,1728.32
ORD000107,SKU000032,1,515.64,0.00,515.64
ORD000107,SKU000094,4,28.32,2.27,111.01
ORD000107,SKU000145,3,236.50,0.00,709.50
ORD000107,SKU000108,2,690.38,20.71,1360.05
ORD000108,SKU000162,2,428.18,12.85,843.51
ORD000108,SKU000089,3,872.47,0.00,2617.41
ORD000108,SKU000146,3,1880.37,0.00,5641.11
ORD000108,SKU000210,2,166.08,4.98,327.18
ORD000109,SKU000070,3,518.67,15.56,1540.45
ORD000109,SKU000011,3,359.63,17.98,1060.91
ORD000109,SKU000176,4,897.46,0.00,3589.84
ORD000110,SKU000180,2,152.83,4.58,301.08
ORD000110,SKU000055,4,190.67,9.53,753.15
ORD000111,SKU000029,3,842.45,0.00,2527.35
ORD000111,SKU000119,3,1539.31,123.14,4494.79
ORD000111,SKU000169,4,229.44,0.00,917.76
ORD000111,SKU000238,3,1002.56,30.08,2977.60
ORD000112,SKU000182,2,687.88,0.00,1375.76
ORD000113,SKU000037,3,151.75,0.00,455.25
ORD000114,SKU000071,3,776.67,0.00,2330.01
ORD000114,SKU000010,2,142.60,11.41,273.79
ORD000114,SKU000120,2,1019.64,30.59,2008.69
ORD000115,SKU000015,3,42.59,3.41,124.36
ORD000116,SKU000201,4,1344.59,0.00,5378.36
ORD000116,SKU000069,1,786.47,39.32,747.15
ORD000117,SKU000061,2,341.79,0.00,683.58
ORD000117,SKU000023,1,1161.90,0.00,1161.90
ORD000117,SKU000159,3,1627.39,48.82,4833.35
ORD000117,SKU000113,2,1510.50,0.00,3021.00
ORD000118,SKU000199,4,166.64,0.00,666.56
ORD000119,SKU000089,3,872.47,0.00,2617.41
ORD000119,SKU000149,4,1828.38,0.00,7313.52
ORD000119,SKU000218,1,272.52,21.80,250.72
ORD000120,SKU000171,1,1072.17,0.00,1072.17
ORD000120,SKU000067,2,41.76,2.09,81.43
ORD000121,SKU000192,4,804.31,0.00,3217.24
ORD000121,SKU000032,2,515.64,0.00,1031.28
ORD000121,SKU000067,4,41.76,0.00,167.04
ORD000121,SKU000057,4,1657.46,0.00,6629.84
ORD000121,SKU000074,4,410.55,20.53,1621.67
ORD000122,SKU000025,3,907.82,72.63,2650.83
ORD000122,SKU000114,4,1328.98,0.00,5315.92
ORD000122,SKU000093,4,1142.61,0.00,4570.44
ORD000122,SKU000237,3,970.84,29.13,2883.39
ORD000122,SKU000151,1,332.71,9.98,322.73
ORD000123,SKU000220,3,202.19,6.07,600.50
ORD000123,SKU000096,1,1036.81,0.00,1036.81
ORD000123,SKU000056,4,755.43,0.00,3021.72
ORD000123,SKU000109,1,1497.93,119.83,1378.10
ORD000124,SKU000168,3,548.18,0.00,1644.54
ORD000124,SKU000038,1,278.56,8.36,270.20
ORD000124,SKU000194,4,757.78,60.62,2970.50
ORD000125,SKU000115,2,363.12,29.05,697.19
ORD000125,SKU000067,2,41.76,1.25,82.27
ORD000125,SKU000181,4,757.86,0.00,3031.44
ORD000125,SKU000061,2,341.79,0.00,683.58
ORD000126,SKU000193,4,96.54,4.83,381.33
ORD000126,SKU000057,2,1657.46,49.72,3265.20
ORD000126,SKU000211,4,496.71,0.00,1986.84
ORD000126,SKU000130,3,104.47,0.00,313.41
ORD000127,SKU000023,3,1161.90,0.00,3485.70
ORD000127,SKU000138,2,639.98,0.00,1279.96
ORD000128,SKU000223,3,648.85,0.00,1946.55
ORD000128,SKU000002,1,299.04,8.97,290.07
ORD000128,SKU000066,3,302.75,9.08,899.17
ORD000129,SKU000036,2,1272.76,38.18,2507.34
ORD000130,SKU000115,3,363.12,0.00,1089.36
ORD000130,SKU000088,4,1898.00,94.90,7497.10
ORD000130,SKU000150,1,1450.00,72.50,1377.50
ORD000131,SKU000224,1,1434.98,114.80,1320.18
ORD000131,SKU000151,2,332.71,0.00,665.42
ORD000132,SKU000056,1,755.43,0.00,755.43
ORD000132,SKU000111,2,381.74,30.54,732.94
ORD000133,SKU000117,4,1116.73,55.84,4411.08
ORD000133,SKU000056,1,755.43,37.77,717.66
ORD000133,SKU000063,4,549.51,27.48,2170.56
ORD000133,SKU000171,4,1072.17,32.17,4256.51
ORD000134,SKU000033,4,533.46,16.00,2117.84
ORD000135,SKU000201,3,1344.59,107.57,3926.20
ORD000135,SKU000019,3,406.78,32.54,1187.80
ORD000135,SKU000214,2,111.27,0.00,222.54
ORD000136,SKU000005,2,1493.85,0.00,2987.70
ORD000136,SKU000038,2,278.56,0.00,557.12
ORD000136,SKU000063,3,549.51,0.00,1648.53
ORD000136,SKU000191,2,1506.00,0.00,3012.00
ORD000137,SKU000061,3,341.79,27.34,998.03
ORD000138,SKU000092,1,593.82,0.00,593.82
ORD000138,SKU000045,2,188.51,9.43,367.59
ORD000139,SKU000037,3,151.75,7.59,447.66
ORD000139,SKU000074,3,410.55,12.32,1219.33
ORD000140,SKU000001,1,1774.87,53.25,1721.62
ORD000140,SKU000128,1,1194.18,0.00,1194.18
ORD000140,SKU000104,4,934.38,74.75,3662.77
ORD000141,SKU000044,1,1091.23,87.30,1003.93
ORD000142,SKU000037,2,151.75,4.55,298.95
ORD000142,SKU000110,4,819.69,0.00,3278.76
ORD000142,SKU000211,2,496.71,0.00,993.42
ORD000142,SKU000032,1,515.64,25.78,489.86
ORD000142,SKU000007,1,614.56,30.73,583.83
ORD000143,SKU000111,3,381.74,19.09,1126.13
ORD000143,SKU000233,2,151.16,4.53,297.79
ORD000143,SKU000071,2,776.67,38.83,1514.51
ORD000143,SKU000224,1,1434.98,0.00,1434.98
ORD000143,SKU000005,1,1493.85,74.69,1419.16
ORD000144,SKU000205,3,158.69,4.76,471.31
ORD000144,SKU000029,2,842.45,0.00,1684.90
ORD000144,SKU000224,1,1434.98,43.05,1391.93
ORD000144,SKU000125,2,1425.63,114.05,2737.21
ORD000144,SKU000153,1,119.81,0.00,119.81
ORD000145,SKU000126,3,673.63,20.21,2000.68
ORD000146,SKU000095,3,1103.40,33.10,3277.10
ORD000146,SKU000212,1,425.75,21.29,404.46
ORD000147,SKU000019,4,406.78,0.00,1627.12
ORD000148,SKU000153,2,119.81,5.99,233.63
ORD000148,SKU000105,3,978.05,0.00,2934.15
ORD000148,SKU000187,4,1236.11,0.00,4944.44
ORD000148,SKU000145,2,236.50,0.00,473.00
ORD000148,SKU000060,1,351.08,17.55,333.53
ORD000149,SKU000068,2,449.58,0.00,899.16
ORD000149,SKU000201,4,1344.59,40.34,5338.02
ORD000149,SKU000106,4,1156.47,57.82,4568.06
ORD000150,SKU000221,4,789.98,63.20,3096.72
ORD000150,SKU000047,4,1452.61,72.63,5737.81
ORD000150,SKU000147,4,430.30,0.00,1721.20
ORD000150,SKU000198,4,81.28,2.44,322.68
ORD000150,SKU000189,4,539.78,43.18,2115.94
ORD000151,SKU000232,1,864.16,69.13,795.03
ORD000151,SKU000202,2,103.62,3.11,204.13
ORD000151,SKU000201,1,1344.59,107.57,1237.02
ORD000152,SKU000195,4,13.48,0.40,53.52
ORD000152,SKU000239,3,1628.02,0.00,4884.06
ORD000153,SKU000199,2,166.64,13.33,319.95
ORD000153,SKU000158,3,883.64,0.00,2650.92
ORD000153,SKU000004,3,494.05,39.52,1442.63
ORD000154,SKU000039,2,1013.78,0.00,2027.56
ORD000154,SKU000048,1,1423.30,42.70,1380.60
ORD000154,SKU000109,1,1497.93,119.83,1378.10
ORD000155,SKU000055,4,190.67,0.00,762.68
ORD000155,SKU000181,1,757.86,60.63,697.23
ORD000155,SKU000236,2,1433.52,0.00,2867.04
ORD000156,SKU000049,4,892.17,0.00,3568.68
ORD000156,SKU000204,3,891.76,44.59,2630.69
ORD000156,SKU000084,4,111.96,0.00,447.84
ORD000156,SKU000115,3,363.12,29.05,1060.31
ORD000157,SKU000221,1,789.98,0.00,789.98
ORD000157,SKU000117,4,1116.73,89.34,4377.58
ORD000157,SKU000240,2,706.34,0.00,1412.68
ORD000158,SKU000193,3,96.54,0.00,289.62
ORD000158,SKU000082,4,464.98,13.95,1845.97
ORD000158,SKU000107,1,1434.31,0.00,1434.31
ORD000158,SKU000040,2,1173.46,35.20,2311.72
ORD000159,SKU000183,2,43.81,1.31,86.31
ORD000159,SKU000128,4,1194.18,0.00,4776.72
ORD000160,SKU000181,2,757.86,0.00,1515.72
ORD000160,SKU000095,3,1103.40,55.17,3255.03
ORD000160,SKU000123,2,757.15,22.71,1491.59
ORD000160,SKU000038,3,278.56,0.00,835.68
ORD000161,SKU000148,3,1421.58,113.73,4151.01
ORD000161,SKU000088,2,1898.00,0.00,3796.00
ORD000161,SKU000086,1,16.87,0.00,16.87
ORD000161,SKU000139,4,99.94,3.00,396.76
ORD000161,SKU000117,2,1116.73,33.50,2199.96
ORD000162,SKU000166,3,718.17,0.00,2154.51
ORD000162,SKU000117,4,1116.73,0.00,4466.92
ORD000163,SKU000091,3,158.71,7.94,468.19
ORD000163,SKU000063,2,549.51,16.49,1082.53
ORD000163,SKU000144,2,1434.21,114.74,2753.68
ORD000163,SKU000203,4,401.86,0.00,1607.44
ORD000163,SKU000181,4,757.86,22.74,3008.70
ORD000164,SKU000168,4,548.18,0.00,2192.72
ORD000164,SKU000184,2,1750.03,140.00,3360.06
ORD000164,SKU000095,4,1103.40,33.10,4380.50
ORD000165,SKU000238,1,1002.56,50.13,952.43
ORD000165,SKU000231,3,340.59,17.03,1004.74
ORD000165,SKU000030,4,1263.29,101.06,4952.10
ORD000166,SKU000014,2,1252.99,0.00,2505.98
ORD000166,SKU000183,4,43.81,1.31,173.93
ORD000166,SKU000086,1,16.87,0.00,16.87
ORD000166,SKU000057,1,1657.46,0.00,1657.46
ORD000167,SKU000175,4,1497.47,0.00,5989.88
ORD000168,SKU000240,2,706.34,35.32,1377.36
ORD000168,SKU000236,4,1433.52,71.68,5662.40
ORD000168,SKU000093,3,1142.61,0.00,3427.83
ORD000169,SKU000060,2,351.08,0.00,702.16
ORD000169,SKU000221,1,789.98,0.00,789.98
ORD000169,SKU000157,1,614.14,30.71,583.43
ORD000169,SKU000185,1,789.70,39.48,750.22
ORD000169,SKU000041,2,803.27,64.26,1542.28
ORD000170,SKU000033,3,533.46,0.00,1600.38
ORD000170,SKU000223,2,648.85,0.00,1297.70
ORD000171,SKU000007,1,614.56,18.44,596.12
ORD000171,SKU000106,1,1156.47,34.69,1121.78
ORD000171,SKU000232,4,864.16,69.13,3387.51
ORD000171,SKU000099,4,1131.42,56.57,4469.11
ORD000171,SKU000200,3,349.91,0.00,1049.73
ORD000172,SKU000224,1,1434.98,43.05,1391.93
ORD000172,SKU000131,1,1147.19,0.00,1147.19
ORD000172,SKU000125,4,1425.63,42.77,5659.75
ORD000172,SKU000200,4,349.91,27.99,1371.65
ORD000172,SKU000147,3,430.30,0.00,1290.90
ORD000173,SKU000233,3,151.16,12.09,441.39
ORD000174,SKU000141,3,760.13,22.80,2257.59
ORD000174,SKU000160,3,945.61,28.37,2808.46
ORD000174,SKU000152,3,866.00,25.98,2572.02
ORD000175,SKU000033,3,533.46,0.00,1600.38
ORD000175,SKU000124,1,300.12,24.01,276.11
ORD000175,SKU000079,4,62.21,4.98,243.86
ORD000176,SKU000074,3,410.55,0.00,1231.65
ORD000176,SKU000228,1,1037.80,0.00,1037.80
ORD000176,SKU000062,4,857.25,68.58,3360.42
ORD000177,SKU000109,4,1497.93,119.83,5871.89
ORD000177,SKU000125,3,1425.63,0.00,4276.89
ORD000177,SKU000187,2,1236.11,98.89,2373.33
ORD000178,SKU000060,2,351.08,10.53,691.63
ORD000179,SKU000219,2,890.49,0.00,1780.98
ORD000180,SKU000151,2,332.71,9.98,655.44
ORD000180,SKU000018,3,133.56,6.68,394.00
ORD000180,SKU000024,1,744.49,0.00,744.49
ORD000180,SKU000150,3,1450.00,0.00,4350.00
ORD000181,SKU000204,4,891.76,44.59,3522.45
ORD000181,SKU000158,1,883.64,0.00,883.64
ORD000181,SKU000018,1,133.56,4.01,129.55
ORD000181,SKU000070,4,518.67,0.00,2074.68
ORD000181,SKU000145,2,236.50,0.00,473.00
ORD000182,SKU000210,4,166.08,0.00,664.32
ORD000182,SKU000115,4,363.12,10.89,1441.59
ORD000182,SKU000025,2,907.82,27.23,1788.41
ORD000182,SKU000207,3,377.53,18.88,1113.71
ORD000183,SKU000023,2,1161.90,58.10,2265.70
ORD000183,SKU000214,2,111.27,8.90,213.64
ORD000184,SKU000154,2,453.74,13.61,893.87
ORD000184,SKU000107,4,1434.31,114.74,5622.50
ORD000184,SKU000045,1,188.51,5.66,182.85
ORD000185,SKU000111,4,381.74,19.09,1507.87
ORD000185,SKU000026,1,1077.05,0.00,1077.05
ORD000186,SKU000090,2,604.26,18.13,1190.39
ORD000186,SKU000164,4,222.51,11.13,878.91
ORD000186,SKU000025,2,907.82,45.39,1770.25
ORD000187,SKU000003,3,1186.09,35.58,3522.69
ORD000188,SKU000235,1,407.80,0.00,407.80
ORD000188,SKU000144,4,1434.21,71.71,5665.13
ORD000188,SKU000228,1,1037.80,0.00,1037.80
ORD000188,SKU000232,1,864.16,43.21,820.95
ORD000188,SKU000030,1,1263.29,0.00,1263.29
ORD000189,SKU000226,3,863.90,0.00,2591.70
ORD000190,SKU000197,1,990.61,0.00,990.61
ORD000190,SKU000076,1,788.05,23.64,764.41
ORD000190,SKU000085,4,1323.96,105.92,5189.92
ORD000190,SKU000127,4,1186.13,0.00,4744.52
ORD000191,SKU000175,4,1497.47,0.00,5989.88
ORD000191,SKU000060,2,351.08,17.55,684.61
ORD000191,SKU000201,3,1344.59,0.00,4033.77
ORD000191,SKU000158,3,883.64,0.00,2650.92
ORD000192,SKU000150,3,1450.00,43.50,4306.50
ORD000192,SKU000139,3,99.94,0.00,299.82
ORD000193,SKU000059,2,1823.70,0.00,3647.40
ORD000194,SKU000093,1,1142.61,91.41,1051.20
ORD000195,SKU000205,4,158.69,7.93,626.83
ORD000195,SKU000214,2,111.27,5.56,216.98
ORD000195,SKU000238,4,1002.56,30.08,3980.16
ORD000196,SKU000046,3,792.34,0.00,2377.02
ORD000197,SKU000070,3,518.67,15.56,1540.45
ORD000197,SKU000044,4,1091.23,54.56,4310.36
ORD000197,SKU000024,1,744.49,0.00,744.49
ORD000197,SKU000019,3,406.78,12.20,1208.14
ORD000198,SKU000163,3,1462.68,117.01,4271.03
ORD000198,SKU000127,3,1186.13,35.58,3522.81
ORD000198,SKU000139,3,99.94,3.00,296.82
ORD000198,SKU000024,3,744.49,0.00,2233.47
ORD000199,SKU000009,3,101.86,0.00,305.58
ORD000199,SKU000063,1,549.51,27.48,522.03
ORD000199,SKU000212,1,425.75,0.00,425.75
ORD000199,SKU000226,3,863.90,0.00,2591.70
ORD000199,SKU000028,3,1324.73,0.00,3974.19
ORD000200,SKU000043,1,1091.40,32.74,1058.66
ORD000200,SKU000095,4,1103.40,0.00,4413.60
ORD000200,SKU000039,1,1013.78,50.69,963.09
ORD000201,SKU000209,3,469.21,14.08,1393.55
ORD000201,SKU000214,2,111.27,3.34,219.20
ORD000201,SKU000045,1,188.51,0.00,188.51
ORD000201,SKU000107,1,1434.31,0.00,1434.31
ORD000202,SKU000208,2,249.16,19.93,478.39
ORD000202,SKU000082,4,464.98,37.20,1822.72
ORD000202,SKU000094,3,28.32,0.85,84.11
ORD000203,SKU000008,2,930.88,46.54,1815.22
ORD000203,SKU000138,4,639.98,0.00,2559.92
ORD000203,SKU000120,2,1019.64,0.00,2039.28
ORD000204,SKU000177,4,708.20,0.00,2832.80
ORD000205,SKU000092,2,593.82,0.00,1187.64
ORD000205,SKU000219,4,890.49,0.00,3561.96
ORD000206,SKU000035,4,1737.47,139.00,6810.88
ORD000206,SKU000186,4,465.11,37.21,1823.23
ORD000206,SKU000234,1,1026.73,0.00,1026.73
ORD000206,SKU000183,3,43.81,3.50,127.93
ORD000206,SKU000023,4,1161.90,34.86,4612.74
ORD000207,SKU000122,3,588.39,47.07,1718.10
ORD000208,SKU000084,2,111.96,0.00,223.92
ORD000208,SKU000234,1,1026.73,51.34,975.39
ORD000208,SKU000040,4,1173.46,93.88,4599.96
ORD000208,SKU000193,3,96.54,7.72,281.90
ORD000209,SKU000184,3,1750.03,87.50,5162.59
ORD000209,SKU000224,3,1434.98,0.00,4304.94
ORD000210,SKU000089,2,872.47,0.00,1744.94
ORD000210,SKU000111,1,381.74,19.09,362.65
ORD000211,SKU000085,3,1323.96,39.72,3932.16
ORD000212,SKU000155,2,1026.78,30.80,2022.76
ORD000212,SKU000236,1,1433.52,71.68,1361.84
ORD000213,SKU000127,4,1186.13,0.00,4744.52
ORD000213,SKU000035,1,1737.47,52.12,1685.35
ORD000213,SKU000090,4,604.26,48.34,2368.70
ORD000213,SKU000115,3,363.12,0.00,1089.36
ORD000214,SKU000225,2,124.36,6.22,242.50
ORD000214,SKU000197,2,990.61,49.53,1931.69
ORD000215,SKU000018,1,133.56,4.01,129.55
ORD000215,SKU000036,4,1272.76,0.00,5091.04
ORD000215,SKU000168,1,548.18,27.41,520.77
ORD000215,SKU000192,3,804.31,24.13,2388.80
ORD000216,SKU000074,4,410.55,20.53,1621.67
ORD000216,SKU000092,2,593.82,0.00,1187.64
ORD000216,SKU000164,2,222.51,17.80,427.22
ORD000217,SKU000076,1,788.05,0.00,788.05
ORD000217,SKU000154,1,453.74,36.30,417.44
ORD000218,SKU000051,1,544.71,0.00,544.71
ORD000218,SKU000096,2,1036.81,51.84,2021.78
ORD000219,SKU000129,2,312.97,9.39,616.55
ORD000219,SKU000199,2,166.64,0.00,333.28
ORD000219,SKU000115,4,363.12,0.00,1452.48
ORD000219,SKU000026,1,1077.05,32.31,1044.74
ORD000219,SKU000237,2,970.84,0.00,1941.68
ORD000220,SKU000195,1,13.48,0.40,13.08
ORD000220,SKU000004,3,494.05,24.70,1457.45
ORD000221,SKU000213,2,344.58,17.23,671.93
ORD000221,SKU000148,4,1421.58,0.00,5686.32
ORD000221,SKU000122,3,588.39,29.42,1735.75
ORD000222,SKU000003,1,1186.09,0.00,1186.09
ORD000222,SKU000212,1,425.75,12.77,412.98
ORD000222,SKU000064,1,229.52,6.89,222.63
ORD000222,SKU000005,1,1493.85,44.82,1449.03
ORD000222,SKU000147,3,430.30,12.91,1277.99
ORD000223,SKU000164,1,222.51,11.13,211.38
ORD000223,SKU000021,3,796.21,23.89,2364.74
ORD000223,SKU000030,4,1263.29,63.16,4990.00
ORD000224,SKU000166,1,718.17,21.55,696.62
ORD000224,SKU000055,1,190.67,0.00,190.67
ORD000225,SKU000099,4,1131.42,56.57,4469.11
ORD000225,SKU000091,1,158.71,0.00,158.71
ORD000225,SKU000104,3,934.38,0.00,2803.14
ORD000225,SKU000069,1,786.47,0.00,786.47
ORD000226,SKU000019,3,406.78,12.20,1208.14
ORD000226,SKU000239,4,1628.02,0.00,6512.08
ORD000227,SKU000095,1,1103.40,55.17,1048.23
ORD000227,SKU000062,4,857.25,0.00,3429.00
ORD000227,SKU000073,4,452.29,22.61,1786.55
ORD000228,SKU000203,4,401.86,20.09,1587.35
ORD000228,SKU000056,4,755.43,60.43,2961.29
ORD000228,SKU000139,3,99.94,3.00,296.82
ORD000229,SKU000176,1,897.46,44.87,852.59
ORD000229,SKU000112,2,898.53,0.00,1797.06
ORD000230,SKU000164,4,222.51,17.80,872.24
ORD000230,SKU000227,1,1087.40,54.37,1033.03
ORD000231,SKU000155,3,1026.78,30.80,3049.54
ORD000231,SKU000033,4,533.46,26.67,2107.17
ORD000231,SKU000148,1,1421.58,113.73,1307.85
ORD000232,SKU000103,3,390.61,19.53,1152.30
ORD000233,SKU000075,4,575.19,0.00,2300.76
ORD000233,SKU000077,1,1147.07,91.77,1055.30
ORD000234,SKU000189,1,539.78,43.18,496.60
ORD000234,SKU000106,3,1156.47,34.69,3434.72
ORD000234,SKU000044,3,1091.23,87.30,3186.39
ORD000234,SKU000131,1,1147.19,57.36,1089.83
ORD000235,SKU000064,4,229.52,18.36,899.72
ORD000235,SKU000051,1,544.71,0.00,544.71
ORD000235,SKU000115,3,363.12,10.89,1078.47
ORD000235,SKU000216,2,1356.98,108.56,2605.40
ORD000236,SKU000108,3,690.38,0.00,2071.14
ORD000236,SKU000123,4,757.15,37.86,2990.74
ORD000237,SKU000200,1,349.91,0.00,349.91
ORD000237,SKU000081,4,1094.91,0.00,4379.64
ORD000237,SKU000143,2,1115.39,89.23,2141.55
ORD000237,SKU000009,4,101.86,8.15,399.29
ORD000238,SKU000121,3,1218.18,0.00,3654.54
ORD000239,SKU000174,1,193.35,15.47,177.88
ORD000240,SKU000057,1,1657.46,49.72,1607.74
ORD000240,SKU000173,4,133.76,4.01,531.03
ORD000240,SKU000185,2,789.70,39.48,1539.92
ORD000240,SKU000044,4,1091.23,54.56,4310.36
ORD000240,SKU000065,1,454.03,13.62,440.41
ORD000241,SKU000060,3,351.08,17.55,1035.69
ORD000241,SKU000063,1,549.51,0.00,549.51
ORD000241,SKU000031,2,835.00,25.05,1644.95
ORD000242,SKU000200,1,349.91,0.00,349.91
ORD000242,SKU000153,4,119.81,0.00,479.24
ORD000242,SKU000099,1,1131.42,33.94,1097.48
ORD000242,SKU000131,1,1147.19,0.00,1147.19
ORD000242,SKU000191,1,1506.00,120.48,1385.52
ORD000243,SKU000155,4,1026.78,0.00,4107.12
ORD000243,SKU000021,1,796.21,63.70,732.51
ORD000243,SKU000204,1,891.76,26.75,865.01
ORD000243,SKU000097,1,1547.72,77.39,1470.33
ORD000243,SKU000093,1,1142.61,91.41,1051.20
ORD000244,SKU000162,3,428.18,34.25,1250.29
ORD000244,SKU000097,1,1547.72,46.43,1501.29
ORD000244,SKU000203,2,401.86,20.09,783.63
ORD000244,SKU000062,1,857.25,42.86,814.39
ORD000244,SKU000058,3,223.30,11.16,658.74
ORD000245,SKU000115,2,363.12,18.16,708.08
ORD000245,SKU000003,4,1186.09,59.30,4685.06
ORD000246,SKU000055,3,190.67,9.53,562.48
ORD000247,SKU000017,2,1627.19,48.82,3205.56
ORD000247,SKU000129,3,312.97,9.39,929.52
ORD000247,SKU000018,1,133.56,4.01,129.55
ORD000247,SKU000118,1,844.81,67.58,777.23
ORD000247,SKU000104,2,934.38,28.03,1840.73
ORD000248,SKU000058,1,223.30,0.00,223.30
ORD000248,SKU000181,2,757.86,0.00,1515.72
ORD000248,SKU000204,3,891.76,26.75,2648.53
ORD000249,SKU000055,4,190.67,15.25,747.43
ORD000249,SKU000046,3,792.34,23.77,2353.25
ORD000250,SKU000027,2,388.75,11.66,765.84
ORD000250,SKU000213,4,344.58,0.00,1378.32
ORD000250,SKU000201,3,1344.59,0.00,4033.77
ORD000250,SKU000234,4,1026.73,0.00,4106.92
ORD000251,SKU000198,4,81.28,0.00,325.12
ORD000251,SKU000240,2,706.34,35.32,1377.36
ORD000251,SKU000019,3,406.78,12.20,1208.14
ORD000252,SKU000027,1,388.75,0.00,388.75
ORD000253,SKU000129,1,312.97,0.00,312.97
ORD000253,SKU000163,4,1462.68,117.01,5733.71
ORD000253,SKU000079,3,62.21,3.11,183.52
ORD000254,SKU000133,3,1376.23,110.10,4018.59
ORD000254,SKU000192,2,804.31,40.22,1568.40
ORD000255,SKU000166,1,718.17,0.00,718.17
ORD000255,SKU000099,1,1131.42,90.51,1040.91
ORD000255,SKU000029,2,842.45,25.27,1659.63
ORD000256,SKU000064,1,229.52,11.48,218.04
ORD000256,SKU000151,4,332.71,0.00,1330.84
ORD000256,SKU000053,3,640.96,19.23,1903.65
ORD000256,SKU000037,1,151.75,4.55,147.20
ORD000257,SKU000058,4,223.30,6.70,886.50
ORD000257,SKU000011,1,359.63,10.79,348.84
ORD000257,SKU000046,4,792.34,0.00,3169.36
ORD000258,SKU000072,2,984.38,0.00,1968.76
ORD000259,SKU000157,4,614.14,49.13,2407.43
ORD000259,SKU000153,4,119.81,5.99,473.25
ORD000259,SKU000126,1,673.63,0.00,673.63
ORD000259,SKU000218,4,272.52,13.63,1076.45
ORD000260,SKU000020,1,192.07,9.60,182.47
ORD000260,SKU000191,3,1506.00,0.00,4518.00
ORD000261,SKU000016,4,755.31,22.66,2998.58
ORD000261,SKU000122,1,588.39,0.00,588.39
ORD000262,SKU000113,2,1510.50,120.84,2900.16
ORD000262,SKU000239,1,1628.02,81.40,1546.62
ORD000262,SKU000076,3,788.05,63.04,2301.11
ORD000262,SKU000114,2,1328.98,106.32,2551.64
ORD000262,SKU000066,1,302.75,0.00,302.75
ORD000263,SKU000236,4,1433.52,71.68,5662.40
ORD000263,SKU000219,4,890.49,26.71,3535.25
ORD000263,SKU000100,3,763.22,22.90,2266.76
ORD000263,SKU000099,4,1131.42,90.51,4435.17
ORD000263,SKU000031,1,835.00,0.00,835.00
ORD000264,SKU000013,4,150.50,0.00,602.00
ORD000264,SKU000094,3,28.32,0.00,84.96
ORD000264,SKU000126,3,673.63,33.68,1987.21
ORD000264,SKU000028,2,1324.73,0.00,2649.46
ORD000264,SKU000049,2,892.17,44.61,1739.73
ORD000265,SKU000012,4,510.87,0.00,2043.48
ORD000265,SKU000088,4,1898.00,94.90,7497.10
ORD000265,SKU000155,2,1026.78,51.34,2002.22
ORD000265,SKU000110,4,819.69,40.98,3237.78
ORD000266,SKU000116,4,132.39,3.97,525.59
ORD000266,SKU000126,1,673.63,0.00,673.63
ORD000266,SKU000155,2,1026.78,82.14,1971.42
ORD000266,SKU000217,4,1248.35,62.42,4930.98
ORD000267,SKU000082,3,464.98,37.20,1357.74
ORD000267,SKU000162,2,428.18,0.00,856.36
ORD000267,SKU000107,3,1434.31,114.74,4188.19
ORD000267,SKU000174,3,193.35,9.67,570.38
ORD000267,SKU000226,4,863.90,43.20,3412.40
ORD000268,SKU000080,3,168.98,5.07,501.87
ORD000269,SKU000238,1,1002.56,0.00,1002.56
ORD000270,SKU000039,2,1013.78,0.00,2027.56
ORD000270,SKU000064,4,229.52,6.89,911.19
ORD000270,SKU000171,1,1072.17,0.00,1072.17
ORD000270,SKU000192,1,804.31,40.22,764.09
ORD000271,SKU000110,3,819.69,40.98,2418.09
ORD000272,SKU000234,1,1026.73,51.34,975.39
ORD000272,SKU000030,2,1263.29,101.06,2425.52
ORD000273,SKU000091,3,158.71,0.00,476.13
ORD000273,SKU000212,1,425.75,12.77,412.98
ORD000273,SKU000054,2,46.95,3.76,90.14
ORD000273,SKU000049,1,892.17,44.61,847.56
ORD000273,SKU000062,1,857.25,0.00,857.25
ORD000274,SKU000057,4,1657.46,0.00,6629.84
ORD000274,SKU000051,4,544.71,16.34,2162.50
ORD000275,SKU000103,4,390.61,0.00,1562.44
ORD000275,SKU000071,3,776.67,23.30,2306.71
ORD000275,SKU000139,2,99.94,0.00,199.88
ORD000275,SKU000068,2,449.58,0.00,899.16
ORD000276,SKU000168,3,548.18,16.45,1628.09
ORD000276,SKU000157,4,614.14,0.00,2456.56
ORD000277,SKU000095,1,1103.40,88.27,1015.13
ORD000277,SKU000006,4,759.39,37.97,2999.59
ORD000277,SKU000151,3,332.71,16.64,981.49
ORD000278,SKU000136,2,716.60,57.33,1375.87
ORD000278,SKU000013,3,150.50,0.00,451.50
ORD000278,SKU000071,4,776.67,38.83,3067.85
ORD000278,SKU000089,2,872.47,69.80,1675.14
ORD000279,SKU000061,3,341.79,17.09,1008.28
ORD000279,SKU000152,3,866.00,43.30,2554.70
ORD000279,SKU000047,2,1452.61,0.00,2905.22
ORD000280,SKU000161,2,229.33,18.35,440.31
ORD000280,SKU000233,1,151.16,12.09,139.07
ORD000280,SKU000182,3,687.88,55.03,2008.61
ORD000280,SKU000129,3,312.97,0.00,938.91
ORD000280,SKU000126,2,673.63,0.00,1347.26
ORD000281,SKU000095,1,1103.40,33.10,1070.30
ORD000281,SKU000224,3,1434.98,0.00,4304.94
ORD000281,SKU000189,1,539.78,0.00,539.78
ORD000282,SKU000220,1,202.19,0.00,202.19
ORD000282,SKU000090,1,604.26,48.34,555.92
ORD000282,SKU000083,4,129.95,0.00,519.80
ORD000282,SKU000208,2,249.16,0.00,498.32
ORD000283,SKU000215,2,560.50,0.00,1121.00
ORD000283,SKU000165,4,1602.93,80.15,6331.57
ORD000284,SKU000211,3,496.71,39.74,1450.39
ORD000284,SKU000146,3,1880.37,94.02,5547.09
ORD000284,SKU000046,3,792.34,0.00,2377.02
ORD000285,SKU000111,1,381.74,30.54,351.20
ORD000286,SKU000053,3,640.96,32.05,1890.83
ORD000286,SKU000239,4,1628.02,0.00,6512.08
ORD000286,SKU000167,4,361.00,18.05,1425.95
ORD000286,SKU000057,3,1657.46,0.00,4972.38
ORD000286,SKU000042,4,384.31,0.00,1537.24
ORD000287,SKU000145,2,236.50,0.00,473.00
ORD000288,SKU000083,1,129.95,3.90,126.05
ORD000288,SKU000158,4,883.64,44.18,3490.38
ORD000288,SKU000190,1,464.47,0.00,464.47
ORD000288,SKU000225,1,124.36,3.73,120.63
ORD000289,SKU000101,3,1301.72,104.14,3801.02
ORD000290,SKU000026,4,1077.05,0.00,4308.20
ORD000290,SKU000047,4,1452.61,0.00,5810.44
ORD000290,SKU000041,2,803.27,24.10,1582.44
ORD000290,SKU000191,4,1506.00,45.18,5978.82
ORD000291,SKU000160,1,945.61,0.00,945.61
ORD000291,SKU000151,3,332.71,0.00,998.13
ORD000291,SKU000164,2,222.51,11.13,433.89
ORD000291,SKU000126,1,673.63,0.00,673.63
ORD000292,SKU000205,3,158.69,12.70,463.37
ORD000293,SKU000047,3,1452.61,43.58,4314.25
ORD000293,SKU000059,1,1823.70,91.18,1732.52
ORD000294,SKU000035,4,1737.47,139.00,6810.88
ORD000294,SKU000154,2,453.74,0.00,907.48
ORD000294,SKU000114,1,1328.98,39.87,1289.11
ORD000295,SKU000163,4,1462.68,0.00,5850.72
ORD000295,SKU000072,2,984.38,49.22,1919.54
ORD000295,SKU000076,4,788.05,23.64,3128.56
ORD000295,SKU000126,2,673.63,0.00,1347.26
ORD000295,SKU000203,4,401.86,20.09,1587.35
ORD000296,SKU000044,3,1091.23,54.56,3219.13
ORD000296,SKU000154,4,453.74,0.00,1814.96
ORD000296,SKU000016,4,755.31,37.77,2983.47
ORD000296,SKU000235,1,407.80,0.00,407.80
ORD000297,SKU000063,3,549.51,0.00,1648.53
ORD000298,SKU000103,3,390.61,31.25,1140.58
ORD000298,SKU000020,3,192.07,0.00,576.21
ORD000298,SKU000132,2,1306.17,104.49,2507.85
ORD000298,SKU000219,1,890.49,0.00,890.49
ORD000299,SKU000209,2,469.21,0.00,938.42
ORD000299,SKU000168,1,548.18,43.85,504.33
ORD000300,SKU000164,4,222.51,0.00,890.04
ORD000300,SKU000018,2,133.56,6.68,260.44
ORD000300,SKU000078,2,1553.99,0.00,3107.98
ORD000301,SKU000048,1,1423.30,42.70,1380.60
ORD000301,SKU000108,4,690.38,34.52,2727.00
ORD000301,SKU000144,2,1434.21,114.74,2753.68
ORD000301,SKU000198,4,81.28,0.00,325.12
ORD000302,SKU000225,1,124.36,3.73,120.63
ORD000302,SKU000146,3,1880.37,0.00,5641.11
ORD000302,SKU000226,2,863.90,0.00,1727.80
ORD000302,SKU000062,2,857.25,0.00,1714.50
ORD000303,SKU000029,2,842.45,25.27,1659.63
ORD000304,SKU000177,4,708.20,0.00,2832.80
ORD000304,SKU000181,1,757.86,60.63,697.23
ORD000304,SKU000015,4,42.59,0.00,170.36
ORD000304,SKU000046,2,792.34,39.62,1545.06
ORD000305,SKU000183,3,43.81,0.00,131.43
ORD000306,SKU000227,2,1087.40,86.99,2087.81
ORD000307,SKU000070,2,518.67,25.93,1011.41
ORD000307,SKU000072,4,984.38,78.75,3858.77
ORD000307,SKU000213,1,344.58,17.23,327.35
ORD000307,SKU000074,1,410.55,32.84,377.71
ORD000307,SKU000084,3,111.96,0.00,335.88
ORD000308,SKU000239,3,1628.02,0.00,4884.06
ORD000308,SKU000226,3,863.90,25.92,2565.78
ORD000309,SKU000210,3,166.08,8.30,489.94
ORD000309,SKU000192,1,804.31,24.13,780.18
ORD000309,SKU000174,4,193.35,0.00,773.40
ORD000310,SKU000138,4,639.98,32.00,2527.92
ORD000311,SKU000215,1,560.50,0.00,560.50
ORD000312,SKU000196,1,1705.94,85.30,1620.64
ORD000312,SKU000105,1,978.05,0.00,978.05
ORD000313,SKU000170,2,964.46,0.00,1928.92
ORD000313,SKU000030,2,1263.29,0.00,2526.58
ORD000313,SKU000002,2,299.04,23.92,574.16
ORD000313,SKU000100,4,763.22,0.00,3052.88
ORD000313,SKU000065,3,454.03,36.32,1325.77
ORD000314,SKU000183,1,43.81,2.19,41.62
ORD000315,SKU000137,1,951.04,76.08,874.96
ORD000315,SKU000041,2,803.27,0.00,1606.54
ORD000315,SKU000236,1,1433.52,0.00,1433.52
ORD000316,SKU000100,1,763.22,38.16,725.06
ORD000316,SKU000138,1,639.98,0.00,639.98
ORD000316,SKU000020,1,192.07,0.00,192.07
ORD000316,SKU000005,2,1493.85,0.00,2987.70
ORD000317,SKU000017,1,1627.19,0.00,1627.19
ORD000318,SKU000064,1,229.52,18.36,211.16
ORD000318,SKU000072,2,984.38,0.00,1968.76
ORD000318,SKU000161,3,229.33,0.00,687.99
ORD000319,SKU000131,2,1147.19,57.36,2237.02
ORD000319,SKU000097,1,1547.72,0.00,1547.72
ORD000319,SKU000078,4,1553.99,0.00,6215.96
ORD000319,SKU000023,4,1161.90,58.10,4589.50
ORD000320,SKU000003,3,1186.09,59.30,3498.97
ORD000320,SKU000181,2,757.86,0.00,1515.72
ORD000320,SKU000214,1,111.27,8.90,102.37
ORD000320,SKU000123,1,757.15,22.71,734.44
ORD000320,SKU000002,3,299.04,8.97,888.15
ORD000321,SKU000088,4,1898.00,56.94,7535.06
ORD000322,SKU000101,2,1301.72,39.05,2564.39
ORD000322,SKU000205,1,158.69,12.70,145.99
ORD000322,SKU000178,4,622.16,18.66,2469.98
ORD000322,SKU000029,4,842.45,25.27,3344.53
ORD000322,SKU000087,2,1226.43,98.11,2354.75
ORD000323,SKU000145,4,236.50,0.00,946.00
ORD000323,SKU000065,3,454.03,0.00,1362.09
ORD000323,SKU000103,2,390.61,31.25,749.97
ORD000323,SKU000183,4,43.81,3.50,171.74
ORD000324,SKU000102,4,331.24,26.50,1298.46
ORD000325,SKU000075,1,575.19,0.00,575.19
ORD000325,SKU000141,1,760.13,0.00,760.13
ORD000325,SKU000132,4,1306.17,0.00,5224.68
ORD000326,SKU000078,2,1553.99,0.00,3107.98
ORD000326,SKU000167,2,361.00,10.83,711.17
ORD000326,SKU000192,1,804.31,0.00,804.31
ORD000326,SKU000071,1,776.67,62.13,714.54
ORD000327,SKU000092,4,593.82,17.81,2357.47
ORD000327,SKU000027,2,388.75,19.44,758.06
ORD000327,SKU000104,1,934.38,0.00,934.38
ORD000328,SKU000054,3,46.95,1.41,139.44
ORD000328,SKU000163,1,1462.68,0.00,1462.68
ORD000329,SKU000221,1,789.98,0.00,789.98
ORD000329,SKU000190,4,464.47,0.00,1857.88
ORD000329,SKU000054,2,46.95,1.41,92.49
ORD000329,SKU000033,3,533.46,0.00,1600.38
ORD000329,SKU000108,3,690.38,0.00,2071.14
ORD000330,SKU000118,2,844.81,25.34,1664.28
ORD000330,SKU000235,3,407.80,0.00,1223.40
ORD000330,SKU000027,1,388.75,19.44,369.31
ORD000331,SKU000179,4,519.97,0.00,2079.88
ORD000331,SKU000008,3,930.88,0.00,2792.64
ORD000331,SKU000168,2,548.18,0.00,1096.36
ORD000331,SKU000081,3,1094.91,32.85,3251.88
ORD000332,SKU000206,4,1174.43,58.72,4639.00
ORD000332,SKU000046,2,792.34,23.77,1560.91
ORD000332,SKU000182,4,687.88,0.00,2751.52
ORD000333,SKU000075,3,575.19,0.00,1725.57
ORD000333,SKU000174,2,193.35,0.00,386.70
ORD000333,SKU000145,1,236.50,0.00,236.50
ORD000334,SKU000011,1,359.63,0.00,359.63
ORD000334,SKU000221,2,789.98,39.50,1540.46
ORD000334,SKU000178,1,622.16,0.00,622.16
ORD000335,SKU000184,2,1750.03,0.00,3500.06
ORD000335,SKU000051,2,544.71,27.24,1062.18
ORD000335,SKU000110,3,819.69,0.00,2459.07
ORD000336,SKU000015,1,42.59,0.00,42.59
ORD000336,SKU000207,2,377.53,30.20,724.86
ORD000336,SKU000192,3,804.31,0.00,2412.93
ORD000336,SKU000120,1,1019.64,50.98,968.66
ORD000336,SKU000078,4,1553.99,0.00,6215.96
ORD000337,SKU000189,4,539.78,0.00,2159.12
ORD000337,SKU000096,4,1036.81,0.00,4147.24
ORD000338,SKU000127,2,1186.13,35.58,2336.68
ORD000338,SKU000063,1,549.51,43.96,505.55
ORD000338,SKU000204,1,891.76,26.75,865.01
ORD000338,SKU000109,2,1497.93,74.90,2920.96
ORD000338,SKU000167,3,361.00,18.05,1064.95
ORD000339,SKU000059,4,1823.70,91.18,7203.62
ORD000340,SKU000192,3,804.31,0.00,2412.93
ORD000341,SKU000206,4,1174.43,58.72,4639.00
ORD000341,SKU000142,1,1264.47,0.00,1264.47
ORD000341,SKU000181,3,757.86,22.74,2250.84
ORD000341,SKU000054,3,46.95,0.00,140.85
ORD000342,SKU000197,4,990.61,29.72,3932.72
ORD000343,SKU000240,3,706.34,0.00,2119.02
ORD000343,SKU000094,1,28.32,0.00,28.32
ORD000343,SKU000027,1,388.75,11.66,377.09
ORD000343,SKU000095,3,1103.40,0.00,3310.20
ORD000344,SKU000145,3,236.50,0.00,709.50
ORD000344,SKU000196,4,1705.94,0.00,6823.76
ORD000344,SKU000208,4,249.16,7.47,989.17
ORD000344,SKU000088,2,1898.00,0.00,3796.00
ORD000345,SKU000046,4,792.34,0.00,3169.36
ORD000346,SKU000192,2,804.31,24.13,1584.49
ORD000346,SKU000174,2,193.35,0.00,386.70
ORD000346,SKU000187,1,1236.11,61.81,1174.30
ORD000347,SKU000205,2,158.69,0.00,317.38
ORD000348,SKU000202,2,103.62,0.00,207.24
ORD000348,SKU000027,1,388.75,31.10,357.65
ORD000349,SKU000151,2,332.71,0.00,665.42
ORD000349,SKU000178,2,622.16,18.66,1225.66
ORD000350,SKU000123,1,757.15,37.86,719.29
ORD000350,SKU000185,4,789.70,23.69,3135.11
ORD000350,SKU000010,1,142.60,11.41,131.19
ORD000351,SKU000012,4,510.87,0.00,2043.48
ORD000351,SKU000052,4,1270.42,63.52,5018.16
ORD000352,SKU000041,2,803.27,0.00,1606.54
ORD000352,SKU000019,4,406.78,32.54,1594.58
ORD000352,SKU000229,1,442.53,0.00,442.53
ORD000353,SKU000061,4,341.79,10.25,1356.91
ORD000354,SKU000010,4,142.60,0.00,570.40
ORD000354,SKU000219,3,890.49,0.00,2671.47
ORD000354,SKU000135,3,1391.10,0.00,4173.30
ORD000354,SKU000170,2,964.46,48.22,1880.70
ORD000355,SKU000004,4,494.05,0.00,1976.20
ORD000355,SKU000011,1,359.63,28.77,330.86
ORD000355,SKU000065,1,454.03,0.00,454.03
ORD000355,SKU000165,2,1602.93,0.00,3205.86
ORD000356,SKU000005,4,1493.85,74.69,5900.71
ORD000356,SKU000240,1,706.34,21.19,685.15
ORD000357,SKU000196,3,1705.94,136.48,4981.34
ORD000358,SKU000088,3,1898.00,151.84,5542.16
ORD000359,SKU000171,1,1072.17,32.17,1040.00
ORD000359,SKU000180,2,152.83,0.00,305.66
ORD000359,SKU000238,2,1002.56,30.08,1975.04
ORD000359,SKU000132,3,1306.17,104.49,3814.02
ORD000359,SKU000214,4,111.27,0.00,445.08
ORD000360,SKU000098,4,585.10,0.00,2340.40
ORD000360,SKU000109,1,1497.93,0.00,1497.93
ORD000361,SKU000115,1,363.12,29.05,334.07
ORD000361,SKU000150,3,1450.00,72.50,4277.50
ORD000361,SKU000023,3,1161.90,92.95,3392.75
ORD000361,SKU000117,4,1116.73,89.34,4377.58
ORD000361,SKU000093,2,1142.61,91.41,2193.81
ORD000362,SKU000172,1,1530.22,122.42,1407.80
ORD000362,SKU000135,1,1391.10,111.29,1279.81
ORD000362,SKU000077,2,1147.07,0.00,2294.14
ORD000363,SKU000136,3,716.60,0.00,2149.80
ORD000363,SKU000163,3,1462.68,43.88,4344.16
ORD000363,SKU000185,1,789.70,23.69,766.01
ORD000364,SKU000143,3,1115.39,89.23,3256.94
ORD000364,SKU000060,3,351.08,0.00,1053.24
ORD000364,SKU000058,3,223.30,0.00,669.90
ORD000364,SKU000013,4,150.50,0.00,602.00
ORD000364,SKU000163,4,1462.68,73.13,5777.59
ORD000365,SKU000012,3,510.87,0.00,1532.61
ORD000365,SKU000157,2,614.14,0.00,1228.28
ORD000365,SKU000029,4,842.45,0.00,3369.80
ORD000365,SKU000107,4,1434.31,0.00,5737.24
ORD000365,SKU000053,3,640.96,32.05,1890.83
ORD000366,SKU000130,4,104.47,5.22,412.66
ORD000366,SKU000212,4,425.75,0.00,1703.00
ORD000366,SKU000209,2,469.21,14.08,924.34
ORD000366,SKU000051,1,544.71,43.58,501.13
ORD000366,SKU000109,3,1497.93,0.00,4493.79
ORD000367,SKU000048,3,1423.30,42.70,4227.20
ORD000367,SKU000015,1,42.59,0.00,42.59
ORD000367,SKU000217,1,1248.35,0.00,1248.35
ORD000367,SKU000146,3,1880.37,0.00,5641.11
ORD000367,SKU000231,3,340.59,27.25,994.52
ORD000368,SKU000214,2,111.27,3.34,219.20
ORD000368,SKU000113,1,1510.50,45.32,1465.18
ORD000368,SKU000030,1,1263.29,101.06,1162.23
ORD000368,SKU000237,4,970.84,0.00,3883.36
ORD000368,SKU000101,2,1301.72,104.14,2499.30
ORD000369,SKU000217,2,1248.35,37.45,2459.25
ORD000369,SKU000204,4,891.76,26.75,3540.29
ORD000369,SKU000205,3,158.69,12.70,463.37
ORD000369,SKU000076,2,788.05,39.40,1536.70
ORD000369,SKU000098,2,585.10,17.55,1152.65
ORD000370,SKU000130,4,104.47,0.00,417.88
ORD000371,SKU000109,4,1497.93,44.94,5946.78
ORD000371,SKU000024,2,744.49,22.33,1466.65
ORD000371,SKU000105,1,978.05,0.00,978.05
ORD000371,SKU000229,2,442.53,35.40,849.66
ORD000372,SKU000095,1,1103.40,55.17,1048.23
ORD000372,SKU000177,3,708.20,35.41,2089.19
ORD000372,SKU000060,3,351.08,28.09,1025.15
ORD000373,SKU000235,4,407.80,0.00,1631.20
ORD000373,SKU000045,4,188.51,15.08,738.96
ORD000373,SKU000053,2,640.96,19.23,1262.69
ORD000373,SKU000136,4,716.60,21.50,2844.90
ORD000373,SKU000029,1,842.45,67.40,775.05
ORD000374,SKU000207,2,377.53,0.00,755.06
ORD000374,SKU000129,3,312.97,0.00,938.91
ORD000374,SKU000052,4,1270.42,63.52,5018.16
ORD000374,SKU000183,4,43.81,3.50,171.74
ORD000375,SKU000132,4,1306.17,65.31,5159.37
ORD000375,SKU000212,2,425.75,21.29,830.21
ORD000376,SKU000016,3,755.31,22.66,2243.27
ORD000376,SKU000189,4,539.78,0.00,2159.12
ORD000376,SKU000218,3,272.52,0.00,817.56
ORD000376,SKU000201,2,1344.59,107.57,2581.61
ORD000376,SKU000137,3,951.04,0.00,2853.12
ORD000377,SKU000116,2,132.39,3.97,260.81
ORD000377,SKU000147,4,430.30,12.91,1708.29
ORD000377,SKU000014,4,1252.99,62.65,4949.31
ORD000378,SKU000036,2,1272.76,38.18,2507.34
ORD000378,SKU000019,4,406.78,0.00,1627.12
ORD000379,SKU000229,2,442.53,0.00,885.06
ORD000380,SKU000219,1,890.49,26.71,863.78
ORD000380,SKU000116,4,132.39,0.00,529.56
ORD000380,SKU000222,1,1076.90,53.84,1023.06
ORD000380,SKU000044,2,1091.23,0.00,2182.46
ORD000381,SKU000047,3,1452.61,43.58,4314.25
ORD000381,SKU000090,3,604.26,0.00,1812.78
ORD000381,SKU000234,1,1026.73,0.00,1026.73
ORD000381,SKU000097,1,1547.72,0.00,1547.72
ORD000381,SKU000172,4,1530.22,0.00,6120.88
ORD000382,SKU000158,2,883.64,0.00,1767.28
ORD000382,SKU000182,3,687.88,55.03,2008.61
ORD000383,SKU000082,1,464.98,13.95,451.03
ORD000383,SKU000157,3,614.14,30.71,1811.71
ORD000383,SKU000236,4,1433.52,114.68,5619.40
ORD000383,SKU000223,2,648.85,0.00,1297.70
ORD000384,SKU000175,4,1497.47,119.80,5870.08
ORD000384,SKU000083,2,129.95,3.90,256.00
ORD000385,SKU000016,3,755.31,0.00,2265.93
ORD000386,SKU000103,4,390.61,31.25,1531.19
ORD000386,SKU000207,4,377.53,18.88,1491.24
ORD000386,SKU000193,4,96.54,7.72,378.44
ORD000386,SKU000094,1,28.32,0.00,28.32
ORD000386,SKU000223,3,648.85,0.00,1946.55
ORD000387,SKU000108,2,690.38,55.23,1325.53
ORD000388,SKU000190,3,464.47,0.00,1393.41
ORD000389,SKU000045,3,188.51,0.00,565.53
ORD000389,SKU000187,2,1236.11,98.89,2373.33
ORD000389,SKU000020,3,192.07,0.00,576.21
ORD000389,SKU000153,3,119.81,0.00,359.43
ORD000389,SKU000049,3,892.17,0.00,2676.51
ORD000390,SKU000190,4,464.47,0.00,1857.88
ORD000390,SKU000050,2,187.28,5.62,368.94
ORD000390,SKU000197,3,990.61,49.53,2922.30
ORD000390,SKU000221,2,789.98,23.70,1556.26
ORD000390,SKU000007,3,614.56,18.44,1825.24
ORD000391,SKU000239,3,1628.02,0.00,4884.06
ORD000391,SKU000204,1,891.76,0.00,891.76
ORD000391,SKU000230,2,340.66,0.00,681.32
ORD000391,SKU000121,2,1218.18,0.00,2436.36
ORD000391,SKU000057,4,1657.46,49.72,6580.12
ORD000392,SKU000114,1,1328.98,106.32,1222.66
ORD000393,SKU000225,2,124.36,0.00,248.72
ORD000393,SKU000222,4,1076.90,53.84,4253.76
ORD000394,SKU000218,1,272.52,0.00,272.52
ORD000395,SKU000039,4,1013.78,30.41,4024.71
ORD000395,SKU000073,4,452.29,0.00,1809.16
ORD000395,SKU000221,4,789.98,0.00,3159.92
ORD000395,SKU000045,1,188.51,0.00,188.51
ORD000396,SKU000144,1,1434.21,0.00,1434.21
ORD000396,SKU000183,3,43.81,0.00,131.43
ORD000396,SKU000193,2,96.54,0.00,193.08
ORD000396,SKU000080,1,168.98,0.00,168.98
ORD000397,SKU000038,1,278.56,0.00,278.56
ORD000397,SKU000121,3,1218.18,60.91,3593.63
ORD000397,SKU000010,3,142.60,0.00,427.80
ORD000398,SKU000073,3,452.29,0.00,1356.87
ORD000398,SKU000064,2,229.52,0.00,459.04
ORD000399,SKU000112,4,898.53,71.88,3522.24
ORD000400,SKU000209,3,469.21,37.54,1370.09
ORD000400,SKU000225,3,124.36,9.95,363.13
ORD000401,SKU000007,1,614.56,18.44,596.12
ORD000401,SKU000035,4,1737.47,139.00,6810.88
ORD000401,SKU000191,2,1506.00,120.48,2891.52
ORD000401,SKU000044,2,1091.23,54.56,2127.90
ORD000401,SKU000002,2,299.04,14.95,583.13
ORD000402,SKU000160,1,945.61,75.65,869.96
ORD000402,SKU000031,4,835.00,66.80,3273.20
ORD000402,SKU000157,3,614.14,0.00,1842.42
ORD000402,SKU000179,1,519.97,0.00,519.97
ORD000402,SKU000196,4,1705.94,136.48,6687.28
ORD000403,SKU000124,4,300.12,24.01,1176.47
ORD000403,SKU000197,4,990.61,79.25,3883.19
ORD000403,SKU000156,2,426.98,0.00,853.96
ORD000404,SKU000161,3,229.33,6.88,681.11
ORD000404,SKU000172,2,1530.22,0.00,3060.44
ORD000405,SKU000234,3,1026.73,30.80,3049.39
ORD000405,SKU000240,3,706.34,0.00,2119.02
ORD000405,SKU000184,4,1750.03,87.50,6912.62
ORD000405,SKU000063,3,549.51,16.49,1632.04
ORD000405,SKU000091,1,158.71,7.94,150.77
ORD000406,SKU000079,2,62.21,1.87,122.55
ORD000407,SKU000181,4,757.86,0.00,3031.44
ORD000407,SKU000038,1,278.56,0.00,278.56
ORD000407,SKU000165,4,1602.93,0.00,6411.72
ORD000407,SKU000104,1,934.38,0.00,934.38
ORD000408,SKU000212,1,425.75,0.00,425.75
ORD000408,SKU000070,1,518.67,0.00,518.67
ORD000408,SKU000026,1,1077.05,32.31,1044.74
ORD000408,SKU000058,4,223.30,17.86,875.34
ORD000409,SKU000239,1,1628.02,81.40,1546.62
ORD000409,SKU000197,2,990.61,29.72,1951.50
ORD000409,SKU000156,3,426.98,21.35,1259.59
ORD000409,SKU000097,1,1547.72,123.82,1423.90
ORD000410,SKU000156,2,426.98,0.00,853.96
ORD000410,SKU000185,1,789.70,63.18,726.52
ORD000411,SKU000231,4,340.59,10.22,1352.14
ORD000411,SKU000111,3,381.74,30.54,1114.68
ORD000411,SKU000020,1,192.07,15.37,176.70
ORD000411,SKU000131,1,1147.19,91.78,1055.41
ORD000411,SKU000193,1,96.54,7.72,88.82
ORD000412,SKU000205,2,158.69,12.70,304.68
ORD000412,SKU000124,3,300.12,0.00,900.36
ORD000413,SKU000238,3,1002.56,50.13,2957.55
ORD000413,SKU000053,2,640.96,32.05,1249.87
ORD000413,SKU000117,4,1116.73,89.34,4377.58
ORD000414,SKU000162,1,428.18,12.85,415.33
ORD000414,SKU000009,3,101.86,3.06,302.52
ORD000414,SKU000234,1,1026.73,51.34,975.39
ORD000414,SKU000166,4,718.17,0.00,2872.68
ORD000415,SKU000220,1,202.19,16.18,186.01
ORD000416,SKU000232,2,864.16,43.21,1685.11
ORD000416,SKU000072,1,984.38,78.75,905.63
ORD000416,SKU000236,1,1433.52,114.68,1318.84
ORD000416,SKU000053,2,640.96,0.00,1281.92
ORD000417,SKU000068,4,449.58,35.97,1762.35
ORD000418,SKU000058,4,223.30,0.00,893.20
ORD000418,SKU000038,4,278.56,13.93,1100.31
ORD000418,SKU000182,4,687.88,20.64,2730.88
ORD000419,SKU000184,3,1750.03,87.50,5162.59
ORD000419,SKU000090,2,604.26,18.13,1190.39
ORD000420,SKU000162,1,428.18,0.00,428.18
ORD000420,SKU000115,4,363.12,0.00,1452.48
ORD000420,SKU000094,4,28.32,0.00,113.28
ORD000420,SKU000038,3,278.56,22.28,813.40
ORD000420,SKU000012,4,510.87,0.00,2043.48
ORD000421,SKU000202,3,103.62,0.00,310.86
ORD000421,SKU000128,4,1194.18,95.53,4681.19
ORD000421,SKU000045,2,188.51,5.66,371.36
ORD000422,SKU000036,4,1272.76,0.00,5091.04
ORD000422,SKU000143,2,1115.39,0.00,2230.78
ORD000422,SKU000073,4,452.29,36.18,1772.98
ORD000422,SKU000113,2,1510.50,45.32,2975.68
ORD000423,SKU000235,2,407.80,32.62,782.98
ORD000423,SKU000191,1,1506.00,120.48,1385.52
ORD000423,SKU000185,3,789.70,23.69,2345.41
ORD000424,SKU000199,3,166.64,8.33,491.59
ORD000424,SKU000028,4,1324.73,0.00,5298.92
ORD000424,SKU000050,2,187.28,0.00,374.56
ORD000424,SKU000119,4,1539.31,0.00,6157.24
ORD000425,SKU000142,3,1264.47,0.00,3793.41
ORD000425,SKU000182,2,687.88,20.64,1355.12
ORD000425,SKU000100,4,763.22,38.16,3014.72
ORD000425,SKU000113,1,1510.50,0.00,1510.50
ORD000426,SKU000146,1,1880.37,94.02,1786.35
ORD000426,SKU000089,3,872.47,69.80,2547.61
ORD000427,SKU000218,4,272.52,0.00,1090.08
ORD000427,SKU000061,1,341.79,0.00,341.79
ORD000427,SKU000155,1,1026.78,51.34,975.44
ORD000428,SKU000218,1,272.52,0.00,272.52
ORD000428,SKU000222,2,1076.90,0.00,2153.80
ORD000428,SKU000165,4,1602.93,0.00,6411.72
ORD000428,SKU000132,4,1306.17,104.49,5120.19
ORD000428,SKU000141,1,760.13,0.00,760.13
ORD000429,SKU000216,1,1356.98,108.56,1248.42
ORD000429,SKU000082,1,464.98,0.00,464.98
ORD000429,SKU000027,2,388.75,11.66,765.84
ORD000430,SKU000014,1,1252.99,100.24,1152.75
ORD000430,SKU000232,2,864.16,43.21,1685.11
ORD000430,SKU000211,1,496.71,24.84,471.87
ORD000431,SKU000032,4,515.64,41.25,2021.31
ORD000431,SKU000054,4,46.95,2.35,185.45
ORD000431,SKU000197,3,990.61,0.00,2971.83
ORD000432,SKU000047,1,1452.61,0.00,1452.61
ORD000432,SKU000224,2,1434.98,0.00,2869.96
ORD000433,SKU000074,4,410.55,0.00,1642.20
ORD000433,SKU000187,2,1236.11,0.00,2472.22
ORD000434,SKU000066,2,302.75,24.22,581.28
ORD000435,SKU000127,2,1186.13,0.00,2372.26
ORD000436,SKU000108,1,690.38,20.71,669.67
ORD000437,SKU000094,1,28.32,0.00,28.32
ORD000437,SKU000217,2,1248.35,62.42,2434.28
ORD000437,SKU000022,1,1191.12,95.29,1095.83
ORD000437,SKU000233,2,151.16,12.09,290.23
ORD000437,SKU000127,4,1186.13,0.00,4744.52
ORD000438,SKU000212,3,425.75,34.06,1243.19
ORD000439,SKU000046,2,792.34,0.00,1584.68
ORD000439,SKU000181,3,757.86,60.63,2212.95
ORD000439,SKU000180,2,152.83,12.23,293.43
ORD000440,SKU000121,3,1218.18,0.00,3654.54
ORD000441,SKU000174,3,193.35,5.80,574.25
ORD000441,SKU000131,1,1147.19,57.36,1089.83
ORD000441,SKU000161,2,229.33,0.00,458.66
ORD000442,SKU000130,4,104.47,0.00,417.88
ORD000442,SKU000132,1,1306.17,0.00,1306.17
ORD000442,SKU000201,3,1344.59,0.00,4033.77
ORD000443,SKU000037,2,151.75,4.55,298.95
ORD000443,SKU000152,1,866.00,0.00,866.00
ORD000443,SKU000139,4,99.94,3.00,396.76
ORD000443,SKU000217,2,1248.35,62.42,2434.28
ORD000444,SKU000115,4,363.12,0.00,1452.48
ORD000444,SKU000060,2,351.08,28.09,674.07
ORD000445,SKU000182,1,687.88,20.64,667.24
ORD000445,SKU000116,2,132.39,6.62,258.16
ORD000446,SKU000219,4,890.49,0.00,3561.96
ORD000446,SKU000161,3,229.33,6.88,681.11
ORD000446,SKU000052,4,1270.42,0.00,5081.68
ORD000446,SKU000194,4,757.78,37.89,2993.23
ORD000446,SKU000066,1,302.75,24.22,278.53
ORD000447,SKU000052,4,1270.42,63.52,5018.16
ORD000447,SKU000053,1,640.96,51.28,589.68
ORD000447,SKU000115,3,363.12,0.00,1089.36
ORD000447,SKU000149,2,1828.38,54.85,3601.91
ORD000448,SKU000064,1,229.52,0.00,229.52
ORD000448,SKU000088,3,1898.00,56.94,5637.06
ORD000448,SKU000148,4,1421.58,113.73,5572.59
ORD000448,SKU000150,4,1450.00,0.00,5800.00
ORD000449,SKU000048,1,1423.30,113.86,1309.44
ORD000449,SKU000051,2,544.71,27.24,1062.18
ORD000449,SKU000097,4,1547.72,0.00,6190.88
ORD000449,SKU000191,4,1506.00,45.18,5978.82
ORD000449,SKU000111,1,381.74,11.45,370.29
ORD000450,SKU000111,4,381.74,30.54,1496.42
ORD000450,SKU000156,3,426.98,21.35,1259.59
ORD000450,SKU000079,4,62.21,0.00,248.84
ORD000451,SKU000065,3,454.03,13.62,1348.47
ORD000452,SKU000015,1,42.59,0.00,42.59
ORD000452,SKU000227,4,1087.40,0.00,4349.60
ORD000453,SKU000154,3,453.74,0.00,1361.22
ORD000454,SKU000165,2,1602.93,128.23,3077.63
ORD000454,SKU000085,3,1323.96,0.00,3971.88
ORD000454,SKU000191,4,1506.00,0.00,6024.00
ORD000454,SKU000006,3,759.39,37.97,2240.20
ORD000454,SKU000080,3,168.98,0.00,506.94
ORD000455,SKU000134,1,197.39,0.00,197.39
ORD000455,SKU000124,2,300.12,9.00,591.24
ORD000456,SKU000223,1,648.85,0.00,648.85
ORD000456,SKU000040,1,1173.46,58.67,1114.79
ORD000456,SKU000188,3,121.81,0.00,365.43
ORD000456,SKU000132,4,1306.17,0.00,5224.68
ORD000457,SKU000065,4,454.03,22.70,1793.42
ORD000457,SKU000054,4,46.95,1.41,186.39
ORD000457,SKU000050,4,187.28,5.62,743.50
ORD000458,SKU000127,1,1186.13,35.58,1150.55
ORD000458,SKU000180,1,152.83,0.00,152.83
ORD000458,SKU000173,2,133.76,10.70,256.82
ORD000458,SKU000040,4,1173.46,93.88,4599.96
ORD000459,SKU000068,2,449.58,0.00,899.16
ORD000460,SKU000192,3,804.31,0.00,2412.93
ORD000460,SKU000140,3,100.33,0.00,300.99
ORD000460,SKU000073,4,452.29,0.00,1809.16
ORD000461,SKU000178,1,622.16,49.77,572.39
ORD000461,SKU000022,2,1191.12,59.56,2322.68
ORD000461,SKU000053,2,640.96,0.00,1281.92
ORD000461,SKU000090,1,604.26,30.21,574.05
ORD000462,SKU000016,3,755.31,37.77,2228.16
ORD000462,SKU000179,3,519.97,15.60,1544.31
ORD000462,SKU000121,3,1218.18,0.00,3654.54
ORD000462,SKU000158,4,883.64,26.51,3508.05
ORD000463,SKU000132,3,1306.17,0.00,3918.51
ORD000463,SKU000051,2,544.71,0.00,1089.42
ORD000464,SKU000087,3,1226.43,98.11,3581.18
ORD000464,SKU000232,1,864.16,25.92,838.24
ORD000465,SKU000164,2,222.51,0.00,445.02
ORD000466,SKU000160,4,945.61,0.00,3782.44
ORD000466,SKU000021,3,796.21,0.00,2388.63
ORD000467,SKU000090,1,604.26,18.13,586.13
ORD000467,SKU000137,4,951.04,47.55,3756.61
ORD000467,SKU000047,2,1452.61,0.00,2905.22
ORD000467,SKU000027,2,388.75,19.44,758.06
ORD000467,SKU000202,3,103.62,8.29,302.57
ORD000468,SKU000177,2,708.20,0.00,1416.40
ORD000468,SKU000184,3,1750.03,87.50,5162.59
ORD000468,SKU000167,3,361.00,0.00,1083.00
ORD000468,SKU000175,1,1497.47,119.80,1377.67
ORD000469,SKU000231,2,340.59,0.00,681.18
ORD000469,SKU000050,4,187.28,14.98,734.14
ORD000469,SKU000070,3,518.67,15.56,1540.45
ORD000469,SKU000092,1,593.82,29.69,564.13
ORD000470,SKU000084,4,111.96,3.36,444.48
ORD000470,SKU000125,2,1425.63,71.28,2779.98
ORD000470,SKU000053,3,640.96,51.28,1871.60
ORD000471,SKU000115,4,363.12,0.00,1452.48
ORD000471,SKU000147,2,430.30,0.00,860.60
ORD000471,SKU000108,1,690.38,20.71,669.67
ORD000471,SKU000114,3,1328.98,0.00,3986.94
ORD000472,SKU000187,2,1236.11,37.08,2435.14
ORD000472,SKU000178,1,622.16,49.77,572.39
ORD000473,SKU000171,4,1072.17,0.00,4288.68
ORD000473,SKU000028,3,1324.73,66.24,3907.95
ORD000473,SKU000178,3,622.16,0.00,1866.48
ORD000473,SKU000040,3,1173.46,93.88,3426.50
ORD000474,SKU000152,2,866.00,0.00,1732.00
ORD000474,SKU000221,1,789.98,23.70,766.28
ORD000474,SKU000067,3,41.76,0.00,125.28
ORD000474,SKU000124,1,300.12,9.00,291.12
ORD000475,SKU000220,4,202.19,0.00,808.76
ORD000476,SKU000201,2,1344.59,67.23,2621.95
ORD000477,SKU000123,2,757.15,0.00,1514.30
ORD000477,SKU000187,4,1236.11,61.81,4882.63
ORD000478,SKU000226,3,863.90,25.92,2565.78
ORD000478,SKU000105,2,978.05,0.00,1956.10
ORD000478,SKU000001,4,1774.87,0.00,7099.48
ORD000478,SKU000062,3,857.25,0.00,2571.75
ORD000479,SKU000224,4,1434.98,0.00,5739.92
ORD000479,SKU000149,4,1828.38,146.27,7167.25
ORD000479,SKU000073,1,452.29,36.18,416.11
ORD000480,SKU000019,4,406.78,0.00,1627.12
ORD000480,SKU000067,2,41.76,1.25,82.27
ORD000480,SKU000240,2,706.34,21.19,1391.49
ORD000481,SKU000090,1,604.26,18.13,586.13
ORD000481,SKU000047,3,1452.61,0.00,4357.83
ORD000481,SKU000211,2,496.71,14.90,978.52
ORD000482,SKU000144,3,1434.21,0.00,4302.63
ORD000482,SKU000183,3,43.81,0.00,131.43
ORD000482,SKU000178,1,622.16,0.00,622.16
ORD000483,SKU000097,3,1547.72,77.39,4565.77
ORD000483,SKU000020,4,192.07,15.37,752.91
ORD000483,SKU000117,3,1116.73,0.00,3350.19
ORD000483,SKU000054,4,46.95,3.76,184.04
ORD000483,SKU000150,4,1450.00,0.00,5800.00
ORD000484,SKU000064,2,229.52,6.89,452.15
ORD000484,SKU000092,3,593.82,0.00,1781.46
ORD000484,SKU000224,2,1434.98,114.80,2755.16
ORD000484,SKU000082,2,464.98,0.00,929.96
ORD000485,SKU000086,2,16.87,0.51,33.23
ORD000485,SKU000005,2,1493.85,0.00,2987.70
ORD000485,SKU000110,3,819.69,0.00,2459.07
ORD000485,SKU000094,4,28.32,0.85,112.43
ORD000486,SKU000099,1,1131.42,0.00,1131.42
ORD000486,SKU000116,1,132.39,0.00,132.39
ORD000486,SKU000202,3,103.62,3.11,307.75
ORD000486,SKU000075,1,575.19,46.02,529.17
ORD000487,SKU000038,3,278.56,0.00,835.68
ORD000487,SKU000227,1,1087.40,32.62,1054.78
ORD000487,SKU000068,2,449.58,0.00,899.16
ORD000488,SKU000067,2,41.76,3.34,80.18
ORD000488,SKU000229,2,442.53,13.28,871.78
ORD000488,SKU000205,3,158.69,0.00,476.07
ORD000489,SKU000106,4,1156.47,92.52,4533.36
ORD000490,SKU000055,2,190.67,0.00,381.34
ORD000490,SKU000079,1,62.21,4.98,57.23
ORD000490,SKU000155,1,1026.78,30.80,995.98
ORD000490,SKU000186,1,465.11,0.00,465.11
ORD000490,SKU000077,4,1147.07,0.00,4588.28
ORD000491,SKU000208,4,249.16,0.00,996.64
ORD000492,SKU000155,3,1026.78,51.34,3029.00
ORD000492,SKU000161,3,229.33,6.88,681.11
ORD000492,SKU000239,3,1628.02,0.00,4884.06
ORD000492,SKU000074,3,410.55,20.53,1211.12
ORD000492,SKU000079,3,62.21,1.87,184.76
ORD000493,SKU000239,4,1628.02,0.00,6512.08
ORD000494,SKU000151,1,332.71,9.98,322.73
ORD000494,SKU000156,1,426.98,21.35,405.63
ORD000494,SKU000088,2,1898.00,94.90,3701.10
ORD000494,SKU000178,3,622.16,0.00,1866.48
ORD000495,SKU000082,1,464.98,0.00,464.98
ORD000496,SKU000058,2,223.30,17.86,428.74
ORD000496,SKU000046,4,792.34,39.62,3129.74
ORD000497,SKU000063,3,549.51,43.96,1604.57
ORD000497,SKU000088,4,1898.00,151.84,7440.16
ORD000497,SKU000116,1,132.39,3.97,128.42
ORD000497,SKU000126,4,673.63,20.21,2674.31
ORD000498,SKU000150,4,1450.00,72.50,5727.50
ORD000498,SKU000021,3,796.21,39.81,2348.82
ORD000499,SKU000130,1,104.47,0.00,104.47
ORD000499,SKU000215,3,560.50,0.00,1681.50
ORD000500,SKU000045,2,188.51,9.43,367.59
ORD000501,SKU000117,2,1116.73,33.50,2199.96
ORD000501,SKU000119,2,1539.31,123.14,2955.48
ORD000501,SKU000213,1,344.58,0.00,344.58
ORD000501,SKU000120,2,1019.64,81.57,1957.71
ORD000501,SKU000145,3,236.50,18.92,690.58
ORD000502,SKU000134,4,197.39,9.87,779.69
ORD000503,SKU000129,4,312.97,9.39,1242.49
ORD000503,SKU000011,4,359.63,0.00,1438.52
ORD000503,SKU000208,1,249.16,12.46,236.70
ORD000504,SKU000011,2,359.63,0.00,719.26
ORD000504,SKU000096,1,1036.81,31.10,1005.71
ORD000504,SKU000238,3,1002.56,50.13,2957.55
ORD000504,SKU000213,1,344.58,17.23,327.35
ORD000505,SKU000085,3,1323.96,66.20,3905.68
ORD000505,SKU000218,3,272.52,8.18,809.38
ORD000505,SKU000072,2,984.38,0.00,1968.76
ORD000505,SKU000054,2,46.95,2.35,91.55
ORD000506,SKU000069,3,786.47,23.59,2335.82
ORD000506,SKU000237,3,970.84,0.00,2912.52
ORD000506,SKU000106,4,1156.47,92.52,4533.36
ORD000506,SKU000217,2,1248.35,99.87,2396.83
ORD000506,SKU000010,3,142.60,7.13,420.67
ORD000507,SKU000066,2,302.75,24.22,581.28
ORD000507,SKU000084,3,111.96,5.60,330.28
ORD000507,SKU000090,2,604.26,30.21,1178.31
ORD000507,SKU000002,1,299.04,8.97,290.07
ORD000507,SKU000141,4,760.13,22.80,3017.72
ORD000508,SKU000052,4,1270.42,63.52,5018.16
ORD000508,SKU000127,2,1186.13,94.89,2277.37
ORD000508,SKU000224,4,1434.98,71.75,5668.17
ORD000508,SKU000095,2,1103.40,0.00,2206.80
ORD000508,SKU000008,2,930.88,0.00,1861.76
ORD000509,SKU000043,2,1091.40,32.74,2150.06
ORD000509,SKU000141,2,760.13,60.81,1459.45
ORD000509,SKU000093,1,1142.61,91.41,1051.20
ORD000510,SKU000189,3,539.78,0.00,1619.34
ORD000510,SKU000031,2,835.00,41.75,1628.25
ORD000510,SKU000112,1,898.53,71.88,826.65
ORD000510,SKU000017,1,1627.19,130.18,1497.01
ORD000510,SKU000192,1,804.31,0.00,804.31
ORD000511,SKU000159,4,1627.39,0.00,6509.56
ORD000511,SKU000103,4,390.61,19.53,1542.91
ORD000511,SKU000101,4,1301.72,65.09,5141.79
ORD000512,SKU000185,4,789.70,39.48,3119.32
ORD000512,SKU000064,1,229.52,11.48,218.04
ORD000512,SKU000003,1,1186.09,94.89,1091.20
ORD000512,SKU000043,1,1091.40,0.00,1091.40
ORD000512,SKU000110,1,819.69,65.58,754.11
ORD000513,SKU000081,3,1094.91,0.00,3284.73
ORD000513,SKU000090,3,604.26,48.34,1764.44
ORD000513,SKU000046,2,792.34,0.00,1584.68
ORD000513,SKU000009,3,101.86,5.09,300.49
ORD000514,SKU000167,3,361.00,28.88,1054.12
ORD000514,SKU000207,2,377.53,30.20,724.86
ORD000514,SKU000027,3,388.75,19.44,1146.81
ORD000514,SKU000014,3,1252.99,62.65,3696.32
ORD000514,SKU000163,2,1462.68,0.00,2925.36
ORD000515,SKU000209,4,469.21,0.00,1876.84
ORD000515,SKU000133,2,1376.23,0.00,2752.46
ORD000515,SKU000152,1,866.00,25.98,840.02
ORD000516,SKU000206,1,1174.43,0.00,1174.43
ORD000516,SKU000040,2,1173.46,58.67,2288.25
ORD000516,SKU000081,3,1094.91,0.00,3284.73
ORD000516,SKU000067,4,41.76,3.34,163.70
ORD000516,SKU000029,1,842.45,42.12,800.33
ORD000517,SKU000060,1,351.08,28.09,322.99
ORD000517,SKU000122,1,588.39,47.07,541.32
ORD000517,SKU000115,1,363.12,18.16,344.96
ORD000517,SKU000236,1,1433.52,0.00,1433.52
ORD000517,SKU000231,3,340.59,17.03,1004.74
ORD000518,SKU000027,1,388.75,19.44,369.31
ORD000518,SKU000024,1,744.49,0.00,744.49
ORD000519,SKU000017,1,1627.19,130.18,1497.01
ORD000519,SKU000139,3,99.94,3.00,296.82
ORD000520,SKU000044,1,1091.23,54.56,1036.67
ORD000520,SKU000082,2,464.98,23.25,906.71
ORD000520,SKU000171,2,1072.17,85.77,2058.57
ORD000521,SKU000018,1,133.56,0.00,133.56
ORD000522,SKU000193,2,96.54,7.72,185.36
ORD000522,SKU000085,2,1323.96,66.20,2581.72
ORD000522,SKU000063,2,549.51,43.96,1055.06
ORD000522,SKU000053,3,640.96,0.00,1922.88
ORD000523,SKU000104,3,934.38,46.72,2756.42
ORD000523,SKU000206,2,1174.43,58.72,2290.14
ORD000523,SKU000060,2,351.08,28.09,674.07
ORD000523,SKU000127,3,1186.13,94.89,3463.50
ORD000524,SKU000126,1,673.63,0.00,673.63
ORD000524,SKU000065,3,454.03,22.70,1339.39
ORD000524,SKU000005,4,1493.85,119.51,5855.89
ORD000524,SKU000063,2,549.51,0.00,1099.02
ORD000525,SKU000230,1,340.66,0.00,340.66
ORD000525,SKU000214,3,111.27,3.34,330.47
ORD000526,SKU000203,3,401.86,20.09,1185.49
ORD000526,SKU000105,3,978.05,0.00,2934.15
ORD000526,SKU000182,2,687.88,34.39,1341.37
ORD000527,SKU000073,4,452.29,0.00,1809.16
ORD000527,SKU000105,3,978.05,0.00,2934.15
ORD000527,SKU000079,4,62.21,0.00,248.84
ORD000528,SKU000152,3,866.00,43.30,2554.70
ORD000528,SKU000190,4,464.47,37.16,1820.72
ORD000528,SKU000176,4,897.46,44.87,3544.97
ORD000528,SKU000161,2,229.33,0.00,458.66
ORD000528,SKU000237,1,970.84,29.13,941.71
ORD000529,SKU000112,4,898.53,71.88,3522.24
ORD000529,SKU000202,2,103.62,3.11,204.13
ORD000529,SKU000222,3,1076.90,32.31,3198.39
ORD000530,SKU000183,2,43.81,3.50,84.12
ORD000530,SKU000214,3,111.27,3.34,330.47
ORD000531,SKU000007,1,614.56,49.16,565.40
ORD000532,SKU000086,2,16.87,0.84,32.90
ORD000533,SKU000142,2,1264.47,0.00,2528.94
ORD000534,SKU000108,4,690.38,0.00,2761.52
ORD000534,SKU000185,2,789.70,23.69,1555.71
ORD000534,SKU000020,3,192.07,15.37,560.84
ORD000534,SKU000068,1,449.58,0.00,449.58
ORD000534,SKU000128,2,1194.18,59.71,2328.65
ORD000535,SKU000160,3,945.61,0.00,2836.83
ORD000536,SKU000231,2,340.59,10.22,670.96
ORD000537,SKU000014,2,1252.99,0.00,2505.98
ORD000537,SKU000046,1,792.34,63.39,728.95
ORD000537,SKU000168,1,548.18,0.00,548.18
ORD000538,SKU000030,2,1263.29,101.06,2425.52
ORD000539,SKU000049,2,892.17,0.00,1784.34
ORD000540,SKU000150,1,1450.00,116.00,1334.00
ORD000540,SKU000106,2,1156.47,57.82,2255.12
ORD000540,SKU000212,3,425.75,0.00,1277.25
ORD000541,SKU000152,3,866.00,25.98,2572.02
ORD000541,SKU000179,2,519.97,0.00,1039.94
ORD000541,SKU000074,4,410.55,0.00,1642.20
ORD000541,SKU000181,3,757.86,37.89,2235.69
ORD000541,SKU000070,4,518.67,25.93,2048.75
ORD000542,SKU000003,1,1186.09,0.00,1186.09
ORD000543,SKU000119,3,1539.31,46.18,4571.75
ORD000544,SKU000107,2,1434.31,43.03,2825.59
ORD000545,SKU000224,4,1434.98,71.75,5668.17
ORD000546,SKU000168,3,548.18,43.85,1600.69
ORD000546,SKU000167,4,361.00,0.00,1444.00
ORD000546,SKU000098,1,585.10,0.00,585.10
ORD000546,SKU000012,3,510.87,15.33,1517.28
ORD000547,SKU000028,1,1324.73,66.24,1258.49
ORD000547,SKU000169,1,229.44,0.00,229.44
ORD000547,SKU000058,1,223.30,17.86,205.44
ORD000547,SKU000240,1,706.34,0.00,706.34
ORD000547,SKU000060,1,351.08,0.00,351.08
ORD000548,SKU000171,1,1072.17,85.77,986.40
ORD000548,SKU000187,1,1236.11,98.89,1137.22
ORD000548,SKU000005,1,1493.85,44.82,1449.03
ORD000548,SKU000118,2,844.81,0.00,1689.62
ORD000549,SKU000090,4,604.26,30.21,2386.83
ORD000550,SKU000034,4,1160.13,34.80,4605.72
ORD000550,SKU000149,3,1828.38,0.00,5485.14
ORD000551,SKU000095,2,1103.40,0.00,2206.80
ORD000552,SKU000012,2,510.87,15.33,1006.41
ORD000552,SKU000148,3,1421.58,0.00,4264.74
ORD000552,SKU000170,4,964.46,77.16,3780.68
ORD000552,SKU000234,1,1026.73,0.00,1026.73
ORD000553,SKU000088,3,1898.00,0.00,5694.00
ORD000553,SKU000211,1,496.71,0.00,496.71
ORD000553,SKU000215,1,560.50,16.82,543.68
ORD000553,SKU000205,3,158.69,4.76,471.31
ORD000553,SKU000022,1,1191.12,0.00,1191.12
ORD000554,SKU000062,1,857.25,0.00,857.25
ORD000554,SKU000238,1,1002.56,80.20,922.36
ORD000554,SKU000212,3,425.75,0.00,1277.25
ORD000555,SKU000036,1,1272.76,0.00,1272.76
ORD000555,SKU000070,4,518.67,0.00,2074.68
ORD000555,SKU000105,3,978.05,48.90,2885.25
ORD000555,SKU000033,2,533.46,0.00,1066.92
ORD000555,SKU000126,2,673.63,20.21,1327.05
ORD000556,SKU000003,1,1186.09,0.00,1186.09
ORD000556,SKU000152,2,866.00,69.28,1662.72
ORD000556,SKU000153,4,119.81,3.59,475.65
ORD000557,SKU000097,3,1547.72,77.39,4565.77
ORD000557,SKU000066,2,302.75,15.14,590.36
ORD000557,SKU000158,4,883.64,70.69,3463.87
ORD000558,SKU000099,4,1131.42,90.51,4435.17
ORD000559,SKU000101,2,1301.72,39.05,2564.39
ORD000559,SKU000071,3,776.67,23.30,2306.71
ORD000560,SKU000070,3,518.67,15.56,1540.45
ORD000560,SKU000182,4,687.88,0.00,2751.52
ORD000561,SKU000212,2,425.75,0.00,851.50
ORD000561,SKU000189,2,539.78,0.00,1079.56
ORD000561,SKU000188,3,121.81,3.65,361.78
ORD000561,SKU000040,4,1173.46,58.67,4635.17
ORD000562,SKU000021,4,796.21,23.89,3160.95
ORD000562,SKU000142,2,1264.47,101.16,2427.78
ORD000562,SKU000134,3,197.39,15.79,576.38
ORD000562,SKU000026,4,1077.05,0.00,4308.20
ORD000563,SKU000239,4,1628.02,130.24,6381.84
ORD000563,SKU000032,3,515.64,25.78,1521.14
ORD000563,SKU000166,2,718.17,35.91,1400.43
ORD000563,SKU000231,3,340.59,27.25,994.52
ORD000564,SKU000043,3,1091.40,0.00,3274.20
ORD000564,SKU000178,3,622.16,31.11,1835.37
ORD000564,SKU000096,4,1036.81,0.00,4147.24
ORD000564,SKU000091,3,158.71,7.94,468.19
ORD000565,SKU000018,2,133.56,0.00,267.12
ORD000565,SKU000104,1,934.38,0.00,934.38
ORD000565,SKU000214,3,111.27,5.56,328.25
ORD000566,SKU000111,4,381.74,19.09,1507.87
ORD000566,SKU000150,2,1450.00,43.50,2856.50
ORD000566,SKU000029,2,842.45,0.00,1684.90
ORD000566,SKU000176,4,897.46,71.80,3518.04
ORD000566,SKU000067,4,41.76,0.00,167.04
ORD000567,SKU000075,1,575.19,0.00,575.19
ORD000567,SKU000104,3,934.38,74.75,2728.39
ORD000567,SKU000202,2,103.62,0.00,207.24
ORD000568,SKU000084,3,111.96,8.96,326.92
ORD000568,SKU000137,1,951.04,28.53,922.51
ORD000569,SKU000030,3,1263.29,0.00,3789.87
ORD000569,SKU000146,1,1880.37,94.02,1786.35
ORD000570,SKU000107,4,1434.31,71.72,5665.52
ORD000571,SKU000213,3,344.58,27.57,1006.17
ORD000572,SKU000192,3,804.31,24.13,2388.80
ORD000573,SKU000155,2,1026.78,0.00,2053.56
ORD000573,SKU000211,3,496.71,0.00,1490.13
ORD000574,SKU000129,1,312.97,0.00,312.97
ORD000574,SKU000119,1,1539.31,76.97,1462.34
ORD000575,SKU000140,2,100.33,5.02,195.64
ORD000575,SKU000163,4,1462.68,117.01,5733.71
ORD000575,SKU000215,2,560.50,44.84,1076.16
ORD000575,SKU000212,2,425.75,0.00,851.50
ORD000575,SKU000032,2,515.64,41.25,990.03
ORD000576,SKU000074,1,410.55,0.00,410.55
ORD000576,SKU000122,4,588.39,29.42,2324.14
ORD000577,SKU000150,2,1450.00,0.00,2900.00
ORD000577,SKU000069,3,786.47,0.00,2359.41
ORD000577,SKU000201,2,1344.59,67.23,2621.95
ORD000577,SKU000186,2,465.11,23.26,906.96
ORD000577,SKU000195,1,13.48,1.08,12.40
ORD000578,SKU000085,1,1323.96,66.20,1257.76
ORD000578,SKU000124,1,300.12,24.01,276.11
ORD000579,SKU000130,3,104.47,8.36,305.05
ORD000579,SKU000119,2,1539.31,46.18,3032.44
ORD000579,SKU000095,2,1103.40,55.17,2151.63
ORD000580,SKU000045,4,188.51,0.00,754.04
ORD000580,SKU000017,2,1627.19,0.00,3254.38
ORD000580,SKU000056,3,755.43,60.43,2205.86
ORD000581,SKU000073,1,452.29,0.00,452.29
ORD000581,SKU000026,3,1077.05,0.00,3231.15
ORD000581,SKU000045,4,188.51,9.43,744.61
ORD000581,SKU000160,1,945.61,47.28,898.33
ORD000582,SKU000210,2,166.08,13.29,318.87
ORD000582,SKU000081,1,1094.91,0.00,1094.91
ORD000582,SKU000051,1,544.71,43.58,501.13
ORD000583,SKU000111,2,381.74,30.54,732.94
ORD000583,SKU000110,3,819.69,0.00,2459.07
ORD000583,SKU000039,2,1013.78,0.00,2027.56
ORD000584,SKU000189,3,539.78,0.00,1619.34
ORD000584,SKU000055,2,190.67,9.53,371.81
ORD000584,SKU000050,2,187.28,0.00,374.56
ORD000584,SKU000072,4,984.38,49.22,3888.30
ORD000585,SKU000076,4,788.05,0.00,3152.20
ORD000586,SKU000159,2,1627.39,81.37,3173.41
ORD000586,SKU000047,2,1452.61,0.00,2905.22
ORD000587,SKU000127,3,1186.13,0.00,3558.39
ORD000587,SKU000084,4,111.96,0.00,447.84
ORD000587,SKU000134,1,197.39,9.87,187.52
ORD000587,SKU000052,2,1270.42,0.00,2540.84
ORD000588,SKU000161,3,229.33,0.00,687.99
ORD000588,SKU000020,2,192.07,0.00,384.14
ORD000589,SKU000037,2,151.75,7.59,295.91
ORD000589,SKU000231,4,340.59,27.25,1335.11
ORD000589,SKU000058,4,223.30,11.16,882.04
ORD000589,SKU000025,1,907.82,0.00,907.82
ORD000589,SKU000111,1,381.74,30.54,351.20
ORD000590,SKU000007,4,614.56,30.73,2427.51
ORD000590,SKU000138,4,639.98,0.00,2559.92
ORD000590,SKU000182,2,687.88,34.39,1341.37
ORD000591,SKU000014,3,1252.99,0.00,3758.97
ORD000591,SKU000169,2,229.44,0.00,458.88
ORD000592,SKU000039,1,1013.78,50.69,963.09
ORD000592,SKU000187,1,1236.11,0.00,1236.11
ORD000592,SKU000040,1,1173.46,35.20,1138.26
ORD000592,SKU000228,1,1037.80,0.00,1037.80
ORD000593,SKU000141,2,760.13,38.01,1482.25
ORD000593,SKU000113,2,1510.50,75.52,2945.48
ORD000593,SKU000133,2,1376.23,0.00,2752.46
ORD000593,SKU000146,1,1880.37,0.00,1880.37
ORD000594,SKU000050,1,187.28,0.00,187.28
ORD000594,SKU000163,4,1462.68,43.88,5806.84
ORD000594,SKU000098,3,585.10,0.00,1755.30
ORD000594,SKU000095,2,1103.40,0.00,2206.80
ORD000594,SKU000182,1,687.88,20.64,667.24
ORD000595,SKU000033,2,533.46,42.68,1024.24
ORD000595,SKU000077,2,1147.07,57.35,2236.79
ORD000595,SKU000081,4,1094.91,54.75,4324.89
ORD000595,SKU000025,1,907.82,0.00,907.82
ORD000596,SKU000088,1,1898.00,0.00,1898.00
ORD000596,SKU000074,2,410.55,0.00,821.10
ORD000596,SKU000119,2,1539.31,0.00,3078.62
ORD000596,SKU000228,2,1037.80,31.13,2044.47
ORD000596,SKU000034,4,1160.13,58.01,4582.51
ORD000597,SKU000171,2,1072.17,0.00,2144.34
ORD000597,SKU000233,2,151.16,7.56,294.76
ORD000597,SKU000086,2,16.87,1.35,32.39
ORD000598,SKU000124,2,300.12,9.00,591.24
ORD000598,SKU000202,2,103.62,5.18,202.06
ORD000598,SKU000185,2,789.70,23.69,1555.71
ORD000598,SKU000019,2,406.78,32.54,781.02
ORD000599,SKU000055,3,190.67,9.53,562.48
ORD000599,SKU000006,3,759.39,22.78,2255.39
ORD000600,SKU000083,2,129.95,0.00,259.90
ORD000600,SKU000140,2,100.33,8.03,192.63
ORD000600,SKU000046,1,792.34,0.00,792.34
