order_number,customer_email,shop_code,shipping_address_code,status,ordered_at,currency,subtotal,discount_total,tax_total,total
ORD000001,cust0163@example.com,SHOP007,ADDR0058A,paid,2025-02-05T15:58:36+00:00,GBP,4705.50,235.28,366.56,4836.78
ORD000002,cust0086@example.com,SHOP001,ADDR0119A,cancelled,2026-04-15T18:39:52+00:00,USD,8701.81,0.00,713.55,9415.36
ORD000003,cust0170@example.com,SHOP007,ADDR0122A,draft,2026-03-29T06:36:40+00:00,EUR,3412.56,0.00,279.83,3692.39
ORD000004,cust0037@example.com,SHOP006,ADDR0076B,paid,2025-11-16T10:15:34+00:00,EUR,2714.92,135.75,211.49,2790.66
ORD000005,cust0098@example.com,SHOP001,ADDR0133B,paid,2025-07-18T21:51:07+00:00,USD,8535.38,426.77,664.91,8773.52
ORD000006,cust0135@example.com,SHOP004,ADDR0087A,paid,2026-07-17T17:05:18+00:00,GBP,9952.84,497.64,775.33,10230.53
ORD000007,cust0103@example.com,SHOP005,ADDR0174A,shipped,2025-12-20T20:22:57+00:00,USD,13326.30,666.32,1038.12,13698.10
ORD000008,cust0027@example.com,SHOP007,ADDR0114A,draft,2025-09-12T17:34:02+00:00,EUR,2992.56,0.00,245.39,3237.95
ORD000009,cust0032@example.com,SHOP006,ADDR0100A,paid,2025-05-01T15:24:15+00:00,EUR,6411.66,320.58,499.47,6590.55
ORD000010,cust0125@example.com,SHOP003,ADDR0119A,cancelled,2025-03-03T08:58:27+00:00,USD,8720.88,0.00,715.11,9435.99
ORD000011,cust0077@example.com,SHOP001,ADDR0099A,paid,2025-05-26T02:14:36+00:00,GBP,847.17,42.36,65.99,870.80
ORD000012,cust0137@example.com,SHOP002,ADDR0040A,paid,2025-01-07T11:03:25+00:00,GBP,9449.34,472.47,736.10,9712.97
ORD000013,cust0137@example.com,SHOP005,ADDR0145A,paid,2026-05-13T07:40:34+00:00,GBP,8270.04,413.50,644.24,8500.78
ORD000014,cust0110@example.com,SHOP005,ADDR0176A,paid,2026-07-07T00:35:50+00:00,EUR,1732.52,86.63,134.96,1780.85
ORD000015,cust0088@example.com,SHOP002,ADDR0171B,paid,2025-01-17T17:30:55+00:00,EUR,7422.58,371.13,578.22,7629.67
ORD000016,cust0051@example.com,SHOP001,ADDR0133A,paid,2026-02-10T14:15:40+00:00,EUR,9206.44,460.32,717.18,9463.30
ORD000017,cust0132@example.com,SHOP006,ADDR0180A,paid,2025-03-08T04:51:27+00:00,USD,7275.69,363.78,566.78,7478.69
ORD000018,cust0047@example.com,SHOP002,ADDR0011A,shipped,2026-01-20T05:47:57+00:00,USD,1926.76,96.34,150.09,1980.51
ORD000019,cust0067@example.com,SHOP006,ADDR0083B,shipped,2026-05-28T08:19:09+00:00,USD,9872.22,493.61,769.05,10147.66
ORD000020,cust0084@example.com,SHOP005,ADDR0082A,paid,2026-02-19T04:27:43+00:00,EUR,1223.40,61.17,95.30,1257.53
ORD000021,cust0148@example.com,SHOP004,ADDR0124A,paid,2025-06-07T22:01:56+00:00,USD,1098.65,54.93,85.59,1129.31
ORD000022,cust0027@example.com,SHOP003,ADDR0113B,paid,2026-05-31T08:28:34+00:00,USD,5786.35,289.32,450.76,5947.79
ORD000023,cust0092@example.com,SHOP002,ADDR0145A,paid,2026-02-23T09:03:31+00:00,USD,4593.45,229.67,357.83,4721.61
ORD000024,cust0126@example.com,SHOP005,ADDR0168A,paid,2026-06-05T14:40:42+00:00,GBP,4686.23,234.31,365.06,4816.98
ORD000025,cust0058@example.com,SHOP003,ADDR0113B,shipped,2025-05-17T10:51:49+00:00,EUR,938.91,46.95,73.14,965.10
ORD000026,cust0166@example.com,SHOP003,ADDR0050A,paid,2025-05-26T11:59:09+00:00,EUR,7210.56,360.53,561.70,7411.73
ORD000027,cust0030@example.com,SHOP003,ADDR0136B,refunded,2026-07-01T02:32:09+00:00,EUR,5254.67,262.73,409.34,5401.28
ORD000028,cust0037@example.com,SHOP001,ADDR0129B,paid,2026-07-28T21:17:19+00:00,GBP,3899.17,194.96,303.75,4007.96
ORD000029,cust0129@example.com,SHOP007,ADDR0004B,paid,2025-05-11T02:45:50+00:00,EUR,8846.55,442.33,689.15,9093.37
ORD000030,cust0114@example.com,SHOP002,ADDR0075B,paid,2026-08-29T20:33:30+00:00,GBP,4781.40,239.07,372.47,4914.80
ORD000031,cust0096@example.com,SHOP005,ADDR0026A,paid,2025-10-29T14:26:50+00:00,EUR,8160.99,408.05,635.74,8388.68
ORD000032,cust0106@example.com,SHOP001,ADDR0039B,paid,2025-04-19T07:21:58+00:00,GBP,10739.17,536.96,836.58,11038.79
ORD000033,cust0165@example.com,SHOP003,ADDR0090B,shipped,2025-01-24T18:01:45+00:00,USD,3469.64,173.48,270.29,3566.45
ORD000034,cust0075@example.com,SHOP003,ADDR0175A,paid,2025-06-10T09:09:26+00:00,USD,8172.76,408.64,636.66,8400.78
ORD000035,cust0162@example.com,SHOP007,ADDR0052A,refunded,2026-01-12T16:29:07+00:00,EUR,1323.96,66.20,103.14,1360.90
ORD000036,cust0145@example.com,SHOP006,ADDR0084A,shipped,2025-03-25T16:37:12+00:00,GBP,5961.84,298.09,464.43,6128.18
ORD000037,cust0163@example.com,SHOP003,ADDR0130A,paid,2025-08-30T11:53:21+00:00,GBP,8808.15,440.41,686.15,9053.89
ORD000038,cust0090@example.com,SHOP005,ADDR0072B,refunded,2026-01-07T05:52:32+00:00,USD,5908.19,295.41,460.25,6073.03
ORD000039,cust0166@example.com,SHOP002,ADDR0069A,paid,2025-11-24T05:47:58+00:00,EUR,4587.45,229.37,357.36,4715.44
ORD000040,cust0008@example.com,SHOP004,ADDR0076A,paid,2025-07-23T05:38:00+00:00,GBP,11689.81,584.49,910.64,12015.96
ORD000041,cust0001@example.com,SHOP004,ADDR0145A,shipped,2026-08-26T18:49:08+00:00,USD,450.85,22.54,35.12,463.43
ORD000042,cust0052@example.com,SHOP007,ADDR0110B,paid,2026-04-03T19:16:18+00:00,USD,5414.93,270.75,421.82,5566.00
ORD000043,cust0036@example.com,SHOP007,ADDR0119A,paid,2026-06-09T00:03:14+00:00,GBP,4951.76,247.59,385.74,5089.91
ORD000044,cust0148@example.com,SHOP003,ADDR0050A,shipped,2025-03-09T14:49:34+00:00,USD,2642.36,132.12,205.84,2716.08
ORD000045,cust0106@example.com,SHOP007,ADDR0108A,paid,2025-04-26T02:44:51+00:00,GBP,5568.52,278.43,433.79,5723.88
ORD000046,cust0065@example.com,SHOP006,ADDR0002B,paid,2026-04-05T23:29:46+00:00,USD,15.52,0.78,1.21,15.95
ORD000047,cust0030@example.com,SHOP002,ADDR0142A,paid,2025-04-15T11:25:20+00:00,GBP,9135.30,456.76,711.64,9390.18
ORD000048,cust0053@example.com,SHOP001,ADDR0116B,shipped,2025-06-01T19:51:40+00:00,USD,3787.05,189.35,295.01,3892.71
ORD000049,cust0176@example.com,SHOP006,ADDR0057B,paid,2025-05-09T04:05:22+00:00,USD,18615.61,930.78,1450.16,19134.99
ORD000050,cust0156@example.com,SHOP001,ADDR0129A,paid,2026-03-10T12:40:37+00:00,GBP,383.35,19.17,29.86,394.04
ORD000051,cust0004@example.com,SHOP001,ADDR0152B,shipped,2025-05-28T17:48:16+00:00,GBP,7128.56,356.43,555.31,7327.44
ORD000052,cust0170@example.com,SHOP004,ADDR0009A,cancelled,2025-02-05T08:57:41+00:00,EUR,3923.72,0.00,321.75,4245.47
ORD000053,cust0139@example.com,SHOP003,ADDR0090B,paid,2026-07-13T16:07:43+00:00,GBP,1393.79,69.69,108.58,1432.68
ORD000054,cust0094@example.com,SHOP002,ADDR0015A,paid,2026-08-29T23:25:56+00:00,EUR,561.84,28.09,43.77,577.52
ORD000055,cust0038@example.com,SHOP004,ADDR0123A,paid,2025-06-25T23:59:37+00:00,GBP,7593.74,379.69,591.55,7805.60
ORD000056,cust0120@example.com,SHOP002,ADDR0174A,paid,2025-10-07T09:15:16+00:00,EUR,9433.33,471.67,734.86,9696.52
ORD000057,cust0162@example.com,SHOP005,ADDR0150A,paid,2025-05-27T08:04:05+00:00,USD,10171.78,508.59,792.38,10455.57
ORD000058,cust0074@example.com,SHOP003,ADDR0171A,draft,2025-06-30T04:15:20+00:00,USD,5138.39,0.00,421.35,5559.74
ORD000059,cust0025@example.com,SHOP004,ADDR0154A,paid,2026-03-26T15:37:45+00:00,GBP,3441.44,172.07,268.09,3537.46
ORD000060,cust0067@example.com,SHOP006,ADDR0076A,paid,2025-08-24T16:55:10+00:00,EUR,5482.56,274.13,427.09,5635.52
ORD000061,cust0150@example.com,SHOP005,ADDR0121A,shipped,2025-12-04T09:17:50+00:00,GBP,4180.46,209.02,325.66,4297.10
ORD000062,cust0034@example.com,SHOP003,ADDR0019B,paid,2026-05-19T21:05:34+00:00,EUR,3255.03,162.75,253.57,3345.85
ORD000063,cust0046@example.com,SHOP005,ADDR0156A,shipped,2026-01-15T11:31:33+00:00,EUR,8812.87,440.64,686.52,9058.75
ORD000064,cust0030@example.com,SHOP002,ADDR0155A,paid,2026-02-24T11:51:34+00:00,GBP,3011.69,150.58,234.61,3095.72
ORD000065,cust0090@example.com,SHOP005,ADDR0042B,cancelled,2025-08-29T05:25:26+00:00,USD,2064.91,0.00,169.32,2234.23
ORD000066,cust0128@example.com,SHOP004,ADDR0179A,paid,2025-12-12T09:13:23+00:00,USD,12979.26,648.96,1011.08,13341.38
ORD000067,cust0018@example.com,SHOP004,ADDR0035A,cancelled,2025-10-16T14:25:37+00:00,EUR,2346.92,0.00,192.45,2539.37
ORD000068,cust0124@example.com,SHOP005,ADDR0068A,paid,2025-12-13T15:19:29+00:00,EUR,5373.14,268.66,418.57,5523.05
ORD000069,cust0029@example.com,SHOP001,ADDR0072B,paid,2026-05-06T04:52:05+00:00,GBP,298.02,14.90,23.22,306.34
ORD000070,cust0032@example.com,SHOP002,ADDR0070A,paid,2025-10-18T23:13:51+00:00,GBP,11766.86,588.34,916.64,12095.16
ORD000071,cust0021@example.com,SHOP001,ADDR0101A,shipped,2026-06-16T20:54:13+00:00,EUR,3367.19,168.36,262.30,3461.13
ORD000072,cust0144@example.com,SHOP005,ADDR0023A,shipped,2025-12-18T06:45:01+00:00,USD,3229.26,161.46,251.56,3319.36
ORD000073,cust0092@example.com,SHOP006,ADDR0138A,paid,2025-10-13T03:02:49+00:00,EUR,6522.79,326.14,508.13,6704.78
ORD000074,cust0012@example.com,SHOP001,ADDR0120A,refunded,2025-06-03T17:00:51+00:00,USD,4403.39,220.17,343.02,4526.24
ORD000075,cust0120@example.com,SHOP004,ADDR0138A,refunded,2025-12-10T22:48:38+00:00,GBP,2504.09,125.20,195.07,2573.96
ORD000076,cust0009@example.com,SHOP002,ADDR0004B,paid,2025-11-30T10:23:02+00:00,GBP,5506.54,275.33,428.96,5660.17
ORD000077,cust0065@example.com,SHOP006,ADDR0179A,paid,2025-10-23T22:02:28+00:00,GBP,5083.01,254.15,395.97,5224.83
ORD000078,cust0006@example.com,SHOP006,ADDR0170A,paid,2025-05-12T06:09:00+00:00,USD,5146.60,257.33,400.92,5290.19
ORD000079,cust0091@example.com,SHOP005,ADDR0008A,paid,2025-07-03T00:21:36+00:00,GBP,6985.05,349.25,544.14,7179.94
ORD000080,cust0129@example.com,SHOP007,ADDR0084A,paid,2025-04-15T22:16:14+00:00,EUR,2723.46,136.17,212.16,2799.45
ORD000081,cust0062@example.com,SHOP004,ADDR0082B,paid,2026-03-06T17:24:17+00:00,EUR,1171.83,58.59,91.29,1204.53
ORD000082,cust0025@example.com,SHOP001,ADDR0023A,paid,2025-11-24T10:00:37+00:00,GBP,6469.82,323.49,504.00,6650.33
ORD000083,cust0097@example.com,SHOP002,ADDR0033A,shipped,2026-06-21T18:43:45+00:00,GBP,2502.08,125.10,194.91,2571.89
ORD000084,cust0058@example.com,SHOP003,ADDR0011B,paid,2026-01-14T19:18:39+00:00,USD,10916.89,545.84,850.43,11221.48
ORD000085,cust0117@example.com,SHOP002,ADDR0151A,paid,2025-03-01T00:35:23+00:00,EUR,222.51,11.13,17.33,228.71
ORD000086,cust0177@example.com,SHOP002,ADDR0043A,paid,2025-09-28T23:44:29+00:00,USD,4754.24,237.71,370.36,4886.89
ORD000087,cust0010@example.com,SHOP001,ADDR0096A,paid,2025-08-04T12:54:47+00:00,USD,5087.59,254.38,396.32,5229.53
ORD000088,cust0074@example.com,SHOP005,ADDR0096A,cancelled,2026-08-10T20:40:12+00:00,EUR,7610.41,0.00,624.05,8234.46
ORD000089,cust0119@example.com,SHOP003,ADDR0048B,paid,2026-06-24T22:02:28+00:00,EUR,5837.35,291.87,454.73,6000.21
ORD000090,cust0129@example.com,SHOP004,ADDR0085B,paid,2026-04-03T15:51:01+00:00,GBP,6685.50,334.28,520.80,6872.02
ORD000091,cust0063@example.com,SHOP006,ADDR0088A,shipped,2025-07-03T03:46:59+00:00,EUR,2845.65,142.28,221.68,2925.05
ORD000092,cust0008@example.com,SHOP003,ADDR0043A,paid,2026-02-21T06:53:51+00:00,USD,417.71,20.89,32.54,429.36
ORD000093,cust0128@example.com,SHOP007,ADDR0075A,cancelled,2026-08-07T07:41:00+00:00,EUR,9070.78,0.00,743.80,9814.58
ORD000094,cust0173@example.com,SHOP005,ADDR0176A,cancelled,2025-02-05T22:59:12+00:00,GBP,1516.73,0.00,124.37,1641.10
ORD000095,cust0082@example.com,SHOP002,ADDR0010B,shipped,2026-01-20T17:53:18+00:00,EUR,9146.85,457.34,712.54,9402.05
ORD000096,cust0149@example.com,SHOP004,ADDR0061A,paid,2025-09-19T07:22:43+00:00,USD,4893.17,244.66,381.18,5029.69
ORD000097,cust0115@example.com,SHOP006,ADDR0132B,cancelled,2025-12-28T19:15:28+00:00,EUR,5716.53,0.00,468.76,6185.29
ORD000098,cust0066@example.com,SHOP004,ADDR0148A,paid,2026-03-28T01:31:23+00:00,EUR,10329.86,516.49,804.70,10618.07
ORD000099,cust0178@example.com,SHOP003,ADDR0011A,paid,2025-01-24T20:31:32+00:00,GBP,4668.81,233.44,363.70,4799.07
ORD000100,cust0174@example.com,SHOP006,ADDR0154A,shipped,2025-11-26T09:27:40+00:00,EUR,2851.13,142.56,222.10,2930.67
ORD000101,cust0123@example.com,SHOP006,ADDR0178A,paid,2025-09-06T16:00:32+00:00,USD,4814.97,240.75,375.09,4949.31
ORD000102,cust0019@example.com,SHOP007,ADDR0038A,paid,2026-08-22T15:04:01+00:00,GBP,21915.19,1095.76,1707.19,22526.62
ORD000103,cust0018@example.com,SHOP006,ADDR0123A,paid,2026-03-04T13:22:45+00:00,USD,8758.03,437.90,682.25,9002.38
ORD000104,cust0030@example.com,SHOP007,ADDR0101A,draft,2026-01-21T21:35:57+00:00,GBP,10155.04,0.00,832.71,10987.75
ORD000105,cust0099@example.com,SHOP006,ADDR0043A,paid,2025-02-08T02:52:13+00:00,EUR,2634.65,131.73,205.24,2708.16
ORD000106,cust0127@example.com,SHOP004,ADDR0175A,paid,2025-03-27T08:56:44+00:00,GBP,4717.18,235.86,367.47,4848.79
ORD000107,cust0053@example.com,SHOP004,ADDR0030B,paid,2025-03-29T18:44:52+00:00,USD,2696.20,134.81,210.03,2771.42
ORD000108,cust0094@example.com,SHOP003,ADDR0043A,draft,2025-02-20T06:24:52+00:00,GBP,9429.21,0.00,773.20,10202.41
ORD000109,cust0101@example.com,SHOP003,ADDR0124A,shipped,2026-05-24T19:02:51+00:00,USD,6191.20,309.56,482.29,6363.93
ORD000110,cust0066@example.com,SHOP003,ADDR0019A,paid,2026-07-30T23:21:41+00:00,USD,1054.23,52.71,82.12,1083.64
ORD000111,cust0007@example.com,SHOP004,ADDR0162A,paid,2025-05-20T19:28:33+00:00,EUR,10917.50,545.88,850.47,11222.09
ORD000112,cust0123@example.com,SHOP002,ADDR0122B,paid,2026-07-08T21:29:50+00:00,EUR,1375.76,68.79,107.17,1414.14
ORD000113,cust0089@example.com,SHOP003,ADDR0040A,paid,2025-02-11T01:14:13+00:00,EUR,455.25,22.76,35.46,467.95
ORD000114,cust0163@example.com,SHOP004,ADDR0048A,paid,2026-07-18T09:00:13+00:00,GBP,4612.49,230.62,359.31,4741.18
ORD000115,cust0044@example.com,SHOP006,ADDR0153A,shipped,2025-05-03T20:39:21+00:00,GBP,124.36,6.22,9.69,127.83
ORD000116,cust0092@example.com,SHOP007,ADDR0129B,paid,2025-01-01T06:28:20+00:00,USD,6125.51,306.28,477.18,6296.41
ORD000117,cust0020@example.com,SHOP003,ADDR0119A,paid,2026-08-01T22:39:57+00:00,EUR,9699.83,484.99,755.62,9970.46
ORD000118,cust0124@example.com,SHOP003,ADDR0018B,draft,2025-11-28T17:35:40+00:00,GBP,666.56,0.00,54.66,721.22
ORD000119,cust0153@example.com,SHOP005,ADDR0030B,paid,2025-12-11T10:46:01+00:00,USD,10181.65,509.08,793.15,10465.72
ORD000120,cust0037@example.com,SHOP004,ADDR0127B,paid,2025-08-26T02:32:11+00:00,EUR,1153.60,57.68,89.87,1185.79
ORD000121,cust0097@example.com,SHOP006,ADDR0010A,paid,2026-04-29T17:02:43+00:00,USD,12667.07,633.35,986.77,13020.49
ORD000122,cust0151@example.com,SHOP005,ADDR0005A,paid,2026-01-21T15:27:12+00:00,GBP,15743.31,787.17,1226.40,16182.54
ORD000123,cust0093@example.com,SHOP006,ADDR0123A,paid,2026-06-10T19:22:09+00:00,GBP,6037.13,301.86,470.29,6205.56
ORD000124,cust0029@example.com,SHOP007,ADDR0020A,cancelled,2026-06-28T16:17:50+00:00,GBP,4885.24,0.00,400.59,5285.83
ORD000125,cust0070@example.com,SHOP004,ADDR0069A,paid,2026-04-29T08:29:31+00:00,GBP,4494.48,224.72,350.12,4619.88
ORD000126,cust0175@example.com,SHOP005,ADDR0178A,shipped,2025-02-08T15:48:53+00:00,USD,5946.78,297.34,463.25,6112.69
ORD000127,cust0165@example.com,SHOP004,ADDR0133A,shipped,2026-07-12T05:50:02+00:00,USD,4765.66,238.28,371.25,4898.63
ORD000128,cust0144@example.com,SHOP005,ADDR0102A,shipped,2025-09-16T06:04:01+00:00,GBP,3135.79,156.79,244.28,3223.28
ORD000129,cust0110@example.com,SHOP002,ADDR0093A,paid,2026-08-27T13:20:09+00:00,USD,2507.34,125.37,195.32,2577.29
ORD000130,cust0177@example.com,SHOP007,ADDR0041B,draft,2025-05-24T22:12:59+00:00,EUR,9963.96,0.00,817.04,10781.00
ORD000131,cust0022@example.com,SHOP007,ADDR0079A,draft,2025-09-26T22:52:54+00:00,USD,1985.60,0.00,162.82,2148.42
ORD000132,cust0011@example.com,SHOP003,ADDR0045A,paid,2025-12-30T18:44:18+00:00,GBP,1488.37,74.42,115.94,1529.89
ORD000133,cust0095@example.com,SHOP003,ADDR0007A,cancelled,2026-04-16T23:44:02+00:00,GBP,11555.81,0.00,947.58,12503.39
ORD000134,cust0140@example.com,SHOP004,ADDR0002B,paid,2025-04-09T17:29:00+00:00,USD,2117.84,105.89,164.98,2176.93
ORD000135,cust0080@example.com,SHOP005,ADDR0141B,refunded,2026-01-18T12:13:08+00:00,USD,5336.54,266.83,415.72,5485.43
ORD000136,cust0096@example.com,SHOP005,ADDR0010A,draft,2026-04-14T09:13:08+00:00,EUR,8205.35,0.00,672.84,8878.19
ORD000137,cust0119@example.com,SHOP006,ADDR0053A,paid,2025-11-30T18:11:33+00:00,GBP,998.03,49.90,77.75,1025.88
ORD000138,cust0055@example.com,SHOP003,ADDR0021A,paid,2025-11-27T17:56:17+00:00,USD,961.41,48.07,74.89,988.23
ORD000139,cust0028@example.com,SHOP003,ADDR0145A,cancelled,2026-02-16T17:24:24+00:00,EUR,1666.99,0.00,136.69,1803.68
ORD000140,cust0160@example.com,SHOP004,ADDR0078A,shipped,2025-12-14T22:10:45+00:00,USD,6578.57,328.93,512.47,6762.11
ORD000141,cust0140@example.com,SHOP005,ADDR0086B,paid,2026-08-11T03:14:35+00:00,EUR,1003.93,50.20,78.21,1031.94
ORD000142,cust0028@example.com,SHOP006,ADDR0134A,paid,2025-06-05T21:56:07+00:00,EUR,5644.82,282.24,439.73,5802.31
ORD000143,cust0107@example.com,SHOP001,ADDR0087A,shipped,2025-06-26T01:52:44+00:00,EUR,5792.57,289.63,451.24,5954.18
ORD000144,cust0159@example.com,SHOP003,ADDR0098A,cancelled,2025-11-29T23:15:33+00:00,USD,6405.16,0.00,525.22,6930.38
ORD000145,cust0115@example.com,SHOP002,ADDR0173A,paid,2025-11-05T15:59:30+00:00,USD,2000.68,100.03,155.85,2056.50
ORD000146,cust0038@example.com,SHOP006,ADDR0086A,paid,2025-08-16T22:47:59+00:00,EUR,3681.56,184.08,286.79,3784.27
ORD000147,cust0160@example.com,SHOP003,ADDR0086B,draft,2025-09-04T20:51:25+00:00,GBP,1627.12,0.00,133.42,1760.54
ORD000148,cust0022@example.com,SHOP001,ADDR0101B,paid,2026-01-07T04:15:51+00:00,EUR,8918.75,445.94,694.77,9167.58
ORD000149,cust0053@example.com,SHOP001,ADDR0128A,shipped,2025-02-19T16:27:19+00:00,EUR,10805.24,540.26,841.73,11106.71
ORD000150,cust0169@example.com,SHOP004,ADDR0010A,draft,2026-02-13T06:00:11+00:00,GBP,12994.35,0.00,1065.54,14059.89
ORD000151,cust0010@example.com,SHOP006,ADDR0167A,paid,2026-01-02T06:55:09+00:00,USD,2236.18,111.81,174.20,2298.57
ORD000152,cust0107@example.com,SHOP003,ADDR0174B,paid,2025-12-27T09:11:04+00:00,EUR,4937.58,246.88,384.64,5075.34
ORD000153,cust0155@example.com,SHOP003,ADDR0116A,cancelled,2025-08-03T05:36:59+00:00,EUR,4413.50,0.00,361.91,4775.41
ORD000154,cust0044@example.com,SHOP003,ADDR0125A,paid,2026-08-27T08:33:58+00:00,EUR,4786.26,239.31,372.85,4919.80
ORD000155,cust0006@example.com,SHOP002,ADDR0037B,cancelled,2026-06-30T04:10:40+00:00,EUR,4326.95,0.00,354.81,4681.76
ORD000156,cust0125@example.com,SHOP007,ADDR0076A,paid,2025-01-13T01:09:59+00:00,EUR,7707.52,385.38,600.42,7922.56
ORD000157,cust0035@example.com,SHOP001,ADDR0130A,draft,2026-01-22T20:47:45+00:00,GBP,6580.24,0.00,539.58,7119.82
ORD000158,cust0126@example.com,SHOP004,ADDR0061B,paid,2025-04-07T18:56:27+00:00,USD,5881.62,294.08,458.18,6045.72
ORD000159,cust0004@example.com,SHOP003,ADDR0082A,paid,2025-07-27T04:39:47+00:00,GBP,4863.03,243.15,378.83,4998.71
ORD000160,cust0095@example.com,SHOP006,ADDR0032A,draft,2026-01-18T06:56:05+00:00,EUR,7098.02,0.00,582.04,7680.06
ORD000161,cust0141@example.com,SHOP003,ADDR0114B,cancelled,2025-10-01T20:49:10+00:00,USD,10560.60,0.00,865.97,11426.57
ORD000162,cust0180@example.com,SHOP006,ADDR0008B,paid,2025-10-05T17:34:28+00:00,GBP,6621.43,331.07,515.81,6806.17
ORD000163,cust0094@example.com,SHOP003,ADDR0082B,paid,2025-07-19T21:47:53+00:00,USD,8920.54,446.03,694.91,9169.42
ORD000164,cust0172@example.com,SHOP001,ADDR0001A,paid,2025-11-04T23:22:23+00:00,GBP,9933.28,496.66,773.80,10210.42
ORD000165,cust0154@example.com,SHOP001,ADDR0150A,paid,2026-08-09T06:49:00+00:00,USD,6909.27,345.46,538.23,7102.04
ORD000166,cust0141@example.com,SHOP004,ADDR0051A,shipped,2025-07-22T23:35:48+00:00,USD,4354.24,217.71,339.20,4475.73
ORD000167,cust0125@example.com,SHOP007,ADDR0098A,shipped,2025-03-28T04:53:51+00:00,GBP,5989.88,299.49,466.61,6157.00
ORD000168,cust0026@example.com,SHOP002,ADDR0180A,paid,2025-06-08T04:42:24+00:00,EUR,10467.59,523.38,815.43,10759.64
ORD000169,cust0178@example.com,SHOP002,ADDR0052B,shipped,2026-06-24T13:32:31+00:00,GBP,4368.07,218.40,340.27,4489.94
ORD000170,cust0153@example.com,SHOP005,ADDR0124B,shipped,2025-06-24T01:14:45+00:00,USD,2898.08,144.90,225.76,2978.94
ORD000171,cust0049@example.com,SHOP004,ADDR0009A,paid,2025-12-21T01:00:13+00:00,GBP,10624.25,531.21,827.63,10920.67
ORD000172,cust0174@example.com,SHOP001,ADDR0094A,shipped,2025-03-05T07:56:07+00:00,USD,10861.42,543.07,846.10,11164.45
ORD000173,cust0015@example.com,SHOP007,ADDR0120A,paid,2025-04-05T03:28:42+00:00,GBP,441.39,22.07,34.38,453.70
ORD000174,cust0053@example.com,SHOP007,ADDR0051A,paid,2026-07-22T17:35:23+00:00,EUR,7638.07,381.90,595.01,7851.18
ORD000175,cust0114@example.com,SHOP003,ADDR0028B,shipped,2025-06-12T13:27:02+00:00,EUR,2120.35,106.02,165.18,2179.51
ORD000176,cust0173@example.com,SHOP002,ADDR0040A,shipped,2025-05-16T04:15:41+00:00,EUR,5629.87,281.49,438.57,5786.95
ORD000177,cust0039@example.com,SHOP003,ADDR0011A,draft,2026-08-24T18:15:29+00:00,GBP,12522.11,0.00,1026.81,13548.92
ORD000178,cust0080@example.com,SHOP002,ADDR0090B,paid,2025-02-23T17:11:52+00:00,EUR,691.63,34.58,53.88,710.93
ORD000179,cust0121@example.com,SHOP001,ADDR0036B,paid,2026-05-26T03:08:52+00:00,USD,1780.98,89.05,138.74,1830.67
ORD000180,cust0008@example.com,SHOP005,ADDR0076B,paid,2025-01-20T04:12:37+00:00,EUR,6143.93,307.20,478.61,6315.34
ORD000181,cust0142@example.com,SHOP002,ADDR0102A,shipped,2025-05-03T01:45:47+00:00,USD,7083.32,354.17,551.79,7280.94
ORD000182,cust0041@example.com,SHOP007,ADDR0039A,paid,2025-06-12T16:43:25+00:00,USD,5008.03,250.40,390.13,5147.76
ORD000183,cust0026@example.com,SHOP006,ADDR0165A,paid,2026-02-16T08:56:22+00:00,GBP,2479.34,123.97,193.14,2548.51
ORD000184,cust0135@example.com,SHOP001,ADDR0121A,paid,2026-05-09T10:21:56+00:00,GBP,6699.22,334.96,521.87,6886.13
ORD000185,cust0048@example.com,SHOP005,ADDR0044A,paid,2026-04-13T04:18:27+00:00,USD,2584.92,129.25,201.36,2657.03
ORD000186,cust0085@example.com,SHOP001,ADDR0086A,shipped,2025-06-23T18:56:40+00:00,EUR,3839.55,191.98,299.10,3946.67
ORD000187,cust0069@example.com,SHOP002,ADDR0023B,paid,2025-03-30T23:52:26+00:00,USD,3522.69,176.13,274.42,3620.98
ORD000188,cust0123@example.com,SHOP007,ADDR0062A,paid,2025-11-07T08:01:41+00:00,GBP,9194.97,459.75,716.29,9451.51
ORD000189,cust0099@example.com,SHOP006,ADDR0075A,paid,2025-10-28T05:33:38+00:00,USD,2591.70,129.58,201.89,2664.01
ORD000190,cust0149@example.com,SHOP002,ADDR0079A,paid,2026-07-16T11:57:35+00:00,EUR,11689.46,584.47,910.61,12015.60
ORD000191,cust0039@example.com,SHOP007,ADDR0142B,paid,2025-02-06T09:39:50+00:00,USD,13359.18,667.96,1040.68,13731.90
ORD000192,cust0155@example.com,SHOP002,ADDR0123B,paid,2025-07-10T06:05:03+00:00,USD,4606.32,230.32,358.83,4734.83
ORD000193,cust0141@example.com,SHOP007,ADDR0147A,draft,2025-04-12T03:45:46+00:00,GBP,3647.40,0.00,299.09,3946.49
ORD000194,cust0137@example.com,SHOP003,ADDR0011A,draft,2025-01-29T12:08:28+00:00,USD,1051.20,0.00,86.20,1137.40
ORD000195,cust0150@example.com,SHOP003,ADDR0105B,paid,2026-01-08T22:18:09+00:00,EUR,4823.97,241.20,375.79,4958.56
ORD000196,cust0033@example.com,SHOP003,ADDR0063A,paid,2025-08-15T21:24:37+00:00,GBP,2377.02,118.85,185.17,2443.34
ORD000197,cust0159@example.com,SHOP001,ADDR0129B,draft,2025-05-11T01:29:22+00:00,EUR,7803.44,0.00,639.88,8443.32
ORD000198,cust0127@example.com,SHOP003,ADDR0073B,paid,2026-05-01T09:46:21+00:00,EUR,10324.13,516.21,804.25,10612.17
ORD000199,cust0104@example.com,SHOP005,ADDR0145A,cancelled,2025-04-25T03:46:55+00:00,EUR,7819.25,0.00,641.18,8460.43
ORD000200,cust0179@example.com,SHOP002,ADDR0110B,draft,2026-06-29T09:27:22+00:00,EUR,6435.35,0.00,527.70,6963.05
ORD000201,cust0088@example.com,SHOP007,ADDR0134A,paid,2026-01-25T09:09:01+00:00,USD,3235.57,161.78,252.05,3325.84
ORD000202,cust0037@example.com,SHOP007,ADDR0070A,shipped,2025-04-22T12:49:17+00:00,EUR,2385.22,119.26,185.81,2451.77
ORD000203,cust0068@example.com,SHOP007,ADDR0039A,draft,2025-09-01T08:37:50+00:00,GBP,6414.42,0.00,525.98,6940.40
ORD000204,cust0142@example.com,SHOP002,ADDR0106A,paid,2025-05-04T12:41:26+00:00,GBP,2832.80,141.64,220.68,2911.84
ORD000205,cust0035@example.com,SHOP005,ADDR0134A,refunded,2025-12-27T13:22:29+00:00,USD,4749.60,237.48,369.99,4882.11
ORD000206,cust0150@example.com,SHOP001,ADDR0019A,shipped,2026-07-04T07:58:03+00:00,GBP,14401.51,720.08,1121.88,14803.31
ORD000207,cust0138@example.com,SHOP002,ADDR0011B,paid,2025-12-26T08:04:29+00:00,USD,1718.10,85.90,133.84,1766.04
ORD000208,cust0109@example.com,SHOP006,ADDR0080A,cancelled,2025-05-08T23:53:09+00:00,GBP,6081.17,0.00,498.66,6579.83
ORD000209,cust0028@example.com,SHOP004,ADDR0129A,cancelled,2025-06-12T03:29:51+00:00,EUR,9467.53,0.00,776.34,10243.87
ORD000210,cust0151@example.com,SHOP005,ADDR0001A,shipped,2025-04-18T09:41:42+00:00,USD,2107.59,105.38,164.18,2166.39
ORD000211,cust0142@example.com,SHOP006,ADDR0038B,paid,2025-08-14T20:44:02+00:00,GBP,3932.16,196.61,306.32,4041.87
ORD000212,cust0093@example.com,SHOP002,ADDR0114B,shipped,2025-12-07T09:23:34+00:00,GBP,3384.60,169.23,263.66,3479.03
ORD000213,cust0150@example.com,SHOP005,ADDR0158A,paid,2025-07-08T16:15:09+00:00,USD,9887.93,494.40,770.27,10163.80
ORD000214,cust0124@example.com,SHOP005,ADDR0088B,paid,2026-06-27T03:47:33+00:00,GBP,2174.19,108.71,169.37,2234.85
ORD000215,cust0113@example.com,SHOP002,ADDR0010B,paid,2025-03-01T17:36:11+00:00,EUR,8130.16,406.51,633.34,8356.99
ORD000216,cust0089@example.com,SHOP002,ADDR0163A,shipped,2026-04-06T16:50:22+00:00,USD,3236.53,161.83,252.13,3326.83
ORD000217,cust0050@example.com,SHOP006,ADDR0075B,paid,2025-01-03T20:48:24+00:00,GBP,1205.49,60.27,93.91,1239.13
ORD000218,cust0145@example.com,SHOP005,ADDR0140A,shipped,2025-01-31T10:55:14+00:00,EUR,2566.49,128.32,199.93,2638.10
ORD000219,cust0159@example.com,SHOP002,ADDR0062A,cancelled,2025-11-16T20:33:23+00:00,USD,5388.73,0.00,441.88,5830.61
ORD000220,cust0031@example.com,SHOP001,ADDR0112B,paid,2025-12-27T21:22:04+00:00,GBP,1470.53,73.53,114.55,1511.55
ORD000221,cust0011@example.com,SHOP002,ADDR0125B,draft,2025-05-08T19:46:47+00:00,GBP,8094.00,0.00,663.71,8757.71
ORD000222,cust0166@example.com,SHOP001,ADDR0027A,shipped,2026-03-24T21:42:16+00:00,GBP,4548.72,227.44,354.34,4675.62
ORD000223,cust0015@example.com,SHOP002,ADDR0113A,paid,2025-11-16T01:57:30+00:00,GBP,7566.12,378.31,589.40,7777.21
ORD000224,cust0129@example.com,SHOP003,ADDR0049A,paid,2025-01-13T12:44:46+00:00,GBP,887.29,44.36,69.12,912.05
ORD000225,cust0046@example.com,SHOP006,ADDR0083B,draft,2026-05-27T16:56:54+00:00,GBP,8217.43,0.00,673.83,8891.26
ORD000226,cust0049@example.com,SHOP007,ADDR0051A,shipped,2025-10-16T17:16:53+00:00,GBP,7720.22,386.01,601.41,7935.62
ORD000227,cust0006@example.com,SHOP002,ADDR0082B,paid,2025-11-08T14:10:31+00:00,GBP,6263.78,313.19,487.95,6438.54
ORD000228,cust0070@example.com,SHOP006,ADDR0055A,draft,2025-12-03T07:26:45+00:00,EUR,4845.46,0.00,397.33,5242.79
ORD000229,cust0046@example.com,SHOP004,ADDR0105A,draft,2025-02-20T14:28:20+00:00,EUR,2649.65,0.00,217.27,2866.92
ORD000230,cust0008@example.com,SHOP006,ADDR0122B,paid,2025-07-31T01:34:14+00:00,EUR,1905.27,95.26,148.42,1958.43
ORD000231,cust0126@example.com,SHOP002,ADDR0013A,paid,2025-08-09T02:30:45+00:00,GBP,6464.56,323.23,503.59,6644.92
ORD000232,cust0157@example.com,SHOP003,ADDR0085A,paid,2026-05-25T23:57:50+00:00,USD,1152.30,57.62,89.76,1184.44
ORD000233,cust0098@example.com,SHOP002,ADDR0059A,draft,2026-05-11T22:02:03+00:00,GBP,3356.06,0.00,275.20,3631.26
ORD000234,cust0167@example.com,SHOP005,ADDR0131A,paid,2026-06-01T15:37:44+00:00,USD,8207.54,410.38,639.37,8436.53
ORD000235,cust0091@example.com,SHOP005,ADDR0162A,paid,2026-05-19T02:30:26+00:00,EUR,5128.30,256.42,399.49,5271.37
ORD000236,cust0154@example.com,SHOP005,ADDR0050A,paid,2026-07-10T17:22:28+00:00,USD,5061.88,253.09,394.32,5203.11
ORD000237,cust0017@example.com,SHOP001,ADDR0063A,paid,2026-03-15T20:57:26+00:00,GBP,7270.39,363.52,566.36,7473.23
ORD000238,cust0073@example.com,SHOP006,ADDR0146B,shipped,2025-03-19T22:01:31+00:00,GBP,3654.54,182.73,284.69,3756.50
ORD000239,cust0141@example.com,SHOP002,ADDR0001A,shipped,2026-07-20T21:59:09+00:00,USD,177.88,8.89,13.86,182.85
ORD000240,cust0089@example.com,SHOP004,ADDR0132B,paid,2026-01-12T11:34:34+00:00,EUR,8429.46,421.47,656.66,8664.65
ORD000241,cust0169@example.com,SHOP006,ADDR0061A,shipped,2025-12-19T07:15:00+00:00,GBP,3230.15,161.51,251.63,3320.27
ORD000242,cust0030@example.com,SHOP004,ADDR0086B,paid,2026-04-19T22:52:01+00:00,USD,4459.34,222.97,347.38,4583.75
ORD000243,cust0032@example.com,SHOP004,ADDR0105B,paid,2025-10-05T02:15:58+00:00,GBP,8226.17,411.31,640.82,8455.68
ORD000244,cust0004@example.com,SHOP004,ADDR0073A,shipped,2026-01-23T22:51:52+00:00,EUR,5008.34,250.42,390.15,5148.07
ORD000245,cust0074@example.com,SHOP001,ADDR0074A,paid,2026-01-02T05:24:24+00:00,EUR,5393.14,269.66,420.13,5543.61
ORD000246,cust0169@example.com,SHOP005,ADDR0180A,paid,2025-12-07T06:36:36+00:00,USD,562.48,28.12,43.82,578.18
ORD000247,cust0089@example.com,SHOP007,ADDR0146A,shipped,2026-03-01T17:37:19+00:00,EUR,6882.59,344.13,536.15,7074.61
ORD000248,cust0132@example.com,SHOP005,ADDR0103B,shipped,2025-12-17T00:26:15+00:00,USD,4387.55,219.38,341.79,4509.96
ORD000249,cust0143@example.com,SHOP007,ADDR0141B,draft,2025-04-03T07:42:41+00:00,EUR,3100.68,0.00,254.26,3354.94
ORD000250,cust0085@example.com,SHOP006,ADDR0179A,shipped,2025-06-23T05:25:11+00:00,EUR,10284.85,514.24,801.19,10571.80
ORD000251,cust0171@example.com,SHOP003,ADDR0010A,paid,2026-06-10T11:48:25+00:00,EUR,2910.62,145.53,226.74,2991.83
ORD000252,cust0062@example.com,SHOP002,ADDR0119B,paid,2026-08-17T21:43:28+00:00,GBP,388.75,19.44,30.28,399.59
ORD000253,cust0136@example.com,SHOP004,ADDR0088B,paid,2026-04-18T18:24:38+00:00,EUR,6230.20,311.51,485.33,6404.02
ORD000254,cust0034@example.com,SHOP006,ADDR0025A,paid,2026-07-13T05:27:28+00:00,EUR,5586.99,279.35,435.23,5742.87
ORD000255,cust0113@example.com,SHOP007,ADDR0098A,refunded,2025-07-30T19:32:17+00:00,USD,3418.71,170.94,266.32,3514.09
ORD000256,cust0069@example.com,SHOP001,ADDR0144A,shipped,2026-07-10T08:53:37+00:00,USD,3599.73,179.99,280.42,3700.16
ORD000257,cust0083@example.com,SHOP002,ADDR0084A,paid,2025-06-16T06:58:13+00:00,GBP,4404.70,220.24,343.13,4527.59
ORD000258,cust0179@example.com,SHOP006,ADDR0146B,paid,2025-07-17T12:40:22+00:00,GBP,1968.76,98.44,153.37,2023.69
ORD000259,cust0176@example.com,SHOP002,ADDR0047A,paid,2026-02-26T02:47:24+00:00,GBP,4630.76,231.54,360.74,4759.96
ORD000260,cust0027@example.com,SHOP003,ADDR0019A,paid,2026-07-26T11:23:17+00:00,EUR,4700.47,235.02,366.17,4831.62
ORD000261,cust0089@example.com,SHOP003,ADDR0131B,paid,2025-12-18T11:45:52+00:00,EUR,3586.97,179.35,279.42,3687.04
ORD000262,cust0068@example.com,SHOP007,ADDR0104A,paid,2025-11-14T20:21:18+00:00,GBP,9602.28,480.11,748.02,9870.19
ORD000263,cust0142@example.com,SHOP001,ADDR0140A,shipped,2025-11-07T12:14:43+00:00,EUR,16734.58,836.73,1303.62,17201.47
ORD000264,cust0161@example.com,SHOP005,ADDR0124B,paid,2026-07-09T06:26:05+00:00,EUR,7063.36,353.17,550.24,7260.43
ORD000265,cust0082@example.com,SHOP004,ADDR0153A,draft,2026-01-01T03:41:49+00:00,EUR,14780.58,0.00,1212.01,15992.59
ORD000266,cust0010@example.com,SHOP002,ADDR0156B,paid,2025-08-13T02:06:00+00:00,GBP,8101.62,405.08,631.12,8327.66
ORD000267,cust0151@example.com,SHOP007,ADDR0096A,paid,2026-02-15T08:42:33+00:00,GBP,10385.07,519.25,809.00,10674.82
ORD000268,cust0053@example.com,SHOP004,ADDR0056A,paid,2025-06-20T10:48:16+00:00,USD,501.87,25.09,39.10,515.88
ORD000269,cust0154@example.com,SHOP006,ADDR0030B,shipped,2025-05-17T00:55:53+00:00,GBP,1002.56,50.13,78.10,1030.53
ORD000270,cust0096@example.com,SHOP002,ADDR0075A,paid,2025-10-20T08:35:57+00:00,USD,4775.01,238.75,371.97,4908.23
ORD000271,cust0068@example.com,SHOP001,ADDR0133A,paid,2025-02-27T16:40:24+00:00,GBP,2418.09,120.90,188.37,2485.56
ORD000272,cust0166@example.com,SHOP001,ADDR0170A,paid,2026-04-28T08:25:27+00:00,EUR,3400.91,170.05,264.93,3495.79
ORD000273,cust0135@example.com,SHOP003,ADDR0101B,paid,2026-08-16T05:24:46+00:00,EUR,2684.06,134.20,209.09,2758.95
ORD000274,cust0161@example.com,SHOP005,ADDR0028B,paid,2025-11-25T07:01:45+00:00,EUR,8792.34,439.62,684.92,9037.64
ORD000275,cust0139@example.com,SHOP007,ADDR0100A,draft,2025-12-04T04:52:10+00:00,EUR,4968.19,0.00,407.39,5375.58
ORD000276,cust0071@example.com,SHOP005,ADDR0137B,paid,2025-04-03T12:19:56+00:00,GBP,4084.65,204.23,318.19,4198.61
ORD000277,cust0157@example.com,SHOP003,ADDR0088B,shipped,2025-06-23T07:34:56+00:00,EUR,4996.21,249.81,389.20,5135.60
ORD000278,cust0071@example.com,SHOP007,ADDR0112A,refunded,2026-07-22T09:06:31+00:00,EUR,6570.36,328.52,511.83,6753.67
ORD000279,cust0101@example.com,SHOP004,ADDR0036A,draft,2025-08-01T03:06:48+00:00,EUR,6468.20,0.00,530.39,6998.59
ORD000280,cust0037@example.com,SHOP002,ADDR0108A,cancelled,2025-03-04T00:01:27+00:00,EUR,4874.16,0.00,399.68,5273.84
ORD000281,cust0093@example.com,SHOP004,ADDR0042B,paid,2025-12-10T16:48:08+00:00,GBP,5915.02,295.75,460.78,6080.05
ORD000282,cust0149@example.com,SHOP002,ADDR0093A,cancelled,2026-07-30T01:29:45+00:00,EUR,1776.23,0.00,145.65,1921.88
ORD000283,cust0062@example.com,SHOP003,ADDR0177A,paid,2025-11-27T09:53:11+00:00,GBP,7452.57,372.63,580.56,7660.50
ORD000284,cust0093@example.com,SHOP006,ADDR0034A,paid,2025-12-11T06:13:49+00:00,EUR,9374.50,468.72,730.27,9636.05
ORD000285,cust0138@example.com,SHOP004,ADDR0133A,cancelled,2025-11-21T02:30:25+00:00,USD,351.20,0.00,28.80,380.00
ORD000286,cust0132@example.com,SHOP006,ADDR0023B,draft,2026-04-29T15:28:26+00:00,USD,16338.48,0.00,1339.76,17678.24
ORD000287,cust0019@example.com,SHOP005,ADDR0058A,paid,2025-07-16T15:08:30+00:00,EUR,473.00,23.65,36.85,486.20
ORD000288,cust0170@example.com,SHOP002,ADDR0065A,paid,2025-07-10T11:27:01+00:00,GBP,4201.53,210.08,327.30,4318.75
ORD000289,cust0063@example.com,SHOP003,ADDR0133B,paid,2025-10-19T10:39:55+00:00,EUR,3801.02,190.05,296.10,3907.07
ORD000290,cust0166@example.com,SHOP001,ADDR0076B,paid,2025-12-21T17:46:27+00:00,GBP,17679.90,884.00,1377.26,18173.16
ORD000291,cust0048@example.com,SHOP002,ADDR0007A,paid,2025-07-07T05:54:07+00:00,GBP,3051.26,152.56,237.69,3136.39
ORD000292,cust0176@example.com,SHOP005,ADDR0040A,shipped,2026-02-06T09:09:40+00:00,EUR,463.37,23.17,36.10,476.30
ORD000293,cust0065@example.com,SHOP007,ADDR0136B,paid,2025-05-07T05:48:14+00:00,GBP,6046.77,302.34,471.04,6215.47
ORD000294,cust0076@example.com,SHOP006,ADDR0064A,paid,2025-06-20T07:56:14+00:00,EUR,9007.47,450.37,701.68,9258.78
ORD000295,cust0162@example.com,SHOP007,ADDR0011A,shipped,2026-01-15T13:19:44+00:00,GBP,13833.43,691.67,1077.62,14219.38
ORD000296,cust0036@example.com,SHOP007,ADDR0101B,paid,2025-06-27T13:07:16+00:00,EUR,8425.36,421.27,656.34,8660.43
ORD000297,cust0178@example.com,SHOP003,ADDR0136B,paid,2025-05-30T17:06:56+00:00,EUR,1648.53,82.43,128.42,1694.52
ORD000298,cust0053@example.com,SHOP005,ADDR0143A,paid,2026-02-22T02:58:09+00:00,USD,5115.13,255.76,398.47,5257.84
ORD000299,cust0159@example.com,SHOP004,ADDR0151B,refunded,2026-05-17T09:01:30+00:00,USD,1442.75,72.14,112.39,1483.00
ORD000300,cust0155@example.com,SHOP003,ADDR0148A,paid,2026-06-27T02:35:14+00:00,USD,4258.46,212.92,331.73,4377.27
ORD000301,cust0122@example.com,SHOP004,ADDR0163A,paid,2025-10-17T19:43:19+00:00,USD,7186.40,359.32,559.82,7386.90
ORD000302,cust0115@example.com,SHOP001,ADDR0055A,paid,2025-06-21T04:27:57+00:00,EUR,9204.04,460.20,716.99,9460.83
ORD000303,cust0053@example.com,SHOP003,ADDR0170A,shipped,2025-07-03T10:52:18+00:00,EUR,1659.63,82.98,129.29,1705.94
ORD000304,cust0086@example.com,SHOP006,ADDR0051A,shipped,2026-07-12T06:47:19+00:00,EUR,5245.45,262.27,408.62,5391.80
ORD000305,cust0020@example.com,SHOP007,ADDR0111A,draft,2026-03-17T02:03:08+00:00,USD,131.43,0.00,10.78,142.21
ORD000306,cust0073@example.com,SHOP007,ADDR0156A,cancelled,2025-05-17T17:11:50+00:00,GBP,2087.81,0.00,171.20,2259.01
ORD000307,cust0135@example.com,SHOP005,ADDR0075B,paid,2025-09-20T01:14:44+00:00,GBP,5911.12,295.56,460.48,6076.04
ORD000308,cust0120@example.com,SHOP006,ADDR0053A,paid,2025-09-24T19:16:33+00:00,USD,7449.84,372.49,580.34,7657.69
ORD000309,cust0129@example.com,SHOP006,ADDR0141B,shipped,2026-04-18T22:56:01+00:00,GBP,2043.52,102.18,159.19,2100.53
ORD000310,cust0162@example.com,SHOP003,ADDR0137A,shipped,2025-04-13T11:32:15+00:00,EUR,2527.92,126.40,196.92,2598.44
ORD000311,cust0111@example.com,SHOP007,ADDR0076B,paid,2025-06-12T04:09:43+00:00,EUR,560.50,28.02,43.66,576.14
ORD000312,cust0087@example.com,SHOP006,ADDR0145A,paid,2026-01-15T02:46:50+00:00,EUR,2598.69,129.93,202.44,2671.20
ORD000313,cust0173@example.com,SHOP001,ADDR0169A,shipped,2025-06-06T00:18:55+00:00,USD,9408.31,470.42,732.91,9670.80
ORD000314,cust0146@example.com,SHOP002,ADDR0106A,paid,2025-06-30T05:48:24+00:00,EUR,41.62,2.08,3.24,42.78
ORD000315,cust0112@example.com,SHOP004,ADDR0137B,paid,2025-12-09T02:16:07+00:00,EUR,3915.02,195.75,304.98,4024.25
ORD000316,cust0012@example.com,SHOP004,ADDR0113B,paid,2025-08-16T01:38:55+00:00,USD,4544.81,227.24,354.04,4671.61
ORD000317,cust0040@example.com,SHOP006,ADDR0048B,refunded,2025-01-07T10:43:31+00:00,GBP,1627.19,81.36,126.76,1672.59
ORD000318,cust0137@example.com,SHOP003,ADDR0145A,shipped,2025-08-03T02:07:38+00:00,USD,2867.91,143.40,223.41,2947.92
ORD000319,cust0127@example.com,SHOP006,ADDR0030A,paid,2026-08-27T01:40:20+00:00,USD,14590.20,729.51,1136.58,14997.27
ORD000320,cust0091@example.com,SHOP007,ADDR0095A,shipped,2026-03-11T22:04:57+00:00,USD,6739.65,336.98,525.02,6927.69
ORD000321,cust0029@example.com,SHOP007,ADDR0098A,paid,2025-04-06T02:27:11+00:00,GBP,7535.06,376.75,586.98,7745.29
ORD000322,cust0106@example.com,SHOP005,ADDR0124A,paid,2025-11-20T10:45:21+00:00,USD,10879.64,543.98,847.52,11183.18
ORD000323,cust0150@example.com,SHOP001,ADDR0115A,refunded,2026-07-09T19:20:56+00:00,USD,3229.80,161.49,251.60,3319.91
ORD000324,cust0119@example.com,SHOP006,ADDR0163A,paid,2026-03-03T06:45:34+00:00,USD,1298.46,64.92,101.15,1334.69
ORD000325,cust0030@example.com,SHOP004,ADDR0089A,paid,2026-05-08T11:41:48+00:00,EUR,6560.00,328.00,511.02,6743.02
ORD000326,cust0037@example.com,SHOP005,ADDR0064A,paid,2025-02-15T10:20:59+00:00,GBP,5338.00,266.90,415.83,5486.93
ORD000327,cust0027@example.com,SHOP005,ADDR0022B,cancelled,2026-04-02T20:03:42+00:00,EUR,4049.91,0.00,332.09,4382.00
ORD000328,cust0075@example.com,SHOP005,ADDR0085B,paid,2025-07-06T00:55:40+00:00,EUR,1602.12,80.11,124.80,1646.81
ORD000329,cust0165@example.com,SHOP004,ADDR0137A,paid,2025-11-15T21:47:34+00:00,GBP,6411.87,320.59,499.48,6590.76
ORD000330,cust0062@example.com,SHOP007,ADDR0151A,paid,2025-12-16T03:51:48+00:00,EUR,3256.99,162.85,253.72,3347.86
ORD000331,cust0053@example.com,SHOP006,ADDR0042A,paid,2025-10-02T02:40:19+00:00,USD,9220.76,461.04,718.30,9478.02
ORD000332,cust0145@example.com,SHOP003,ADDR0086B,refunded,2026-07-14T09:00:13+00:00,EUR,8951.43,447.57,697.32,9201.18
ORD000333,cust0087@example.com,SHOP001,ADDR0180A,shipped,2025-10-16T05:10:00+00:00,EUR,2348.77,117.44,182.97,2414.30
ORD000334,cust0038@example.com,SHOP007,ADDR0128A,paid,2026-01-06T07:09:41+00:00,USD,2522.25,126.11,196.48,2592.62
ORD000335,cust0017@example.com,SHOP007,ADDR0064A,paid,2025-01-31T08:24:40+00:00,EUR,7021.31,351.07,546.96,7217.20
ORD000336,cust0160@example.com,SHOP007,ADDR0139B,paid,2025-10-30T09:12:57+00:00,EUR,10365.00,518.25,807.43,10654.18
ORD000337,cust0085@example.com,SHOP006,ADDR0072B,paid,2025-09-14T19:18:12+00:00,GBP,6306.36,315.32,491.27,6482.31
ORD000338,cust0013@example.com,SHOP005,ADDR0072B,shipped,2026-01-12T09:46:58+00:00,EUR,7693.15,384.66,599.30,7907.79
ORD000339,cust0056@example.com,SHOP007,ADDR0054B,paid,2025-06-04T17:55:12+00:00,EUR,7203.62,360.18,561.16,7404.60
ORD000340,cust0027@example.com,SHOP007,ADDR0060A,paid,2025-01-11T12:48:44+00:00,USD,2412.93,120.65,187.97,2480.25
ORD000341,cust0107@example.com,SHOP001,ADDR0050A,paid,2025-02-16T06:22:56+00:00,USD,8295.16,414.76,646.19,8526.59
ORD000342,cust0079@example.com,SHOP003,ADDR0005B,shipped,2025-05-08T07:10:30+00:00,EUR,3932.72,196.64,306.36,4042.44
ORD000343,cust0134@example.com,SHOP004,ADDR0025A,paid,2026-02-25T17:39:40+00:00,GBP,5834.63,291.73,454.52,5997.42
ORD000344,cust0018@example.com,SHOP006,ADDR0157B,paid,2026-07-24T03:24:13+00:00,GBP,12318.43,615.92,959.61,12662.12
ORD000345,cust0072@example.com,SHOP001,ADDR0109B,shipped,2025-01-07T23:51:39+00:00,USD,3169.36,158.47,246.89,3257.78
ORD000346,cust0084@example.com,SHOP005,ADDR0144B,paid,2026-02-15T13:22:32+00:00,USD,3145.49,157.27,245.03,3233.25
ORD000347,cust0150@example.com,SHOP005,ADDR0107A,shipped,2025-02-23T09:48:34+00:00,GBP,317.38,15.87,24.72,326.23
ORD000348,cust0109@example.com,SHOP006,ADDR0145A,cancelled,2025-01-18T22:11:18+00:00,EUR,564.89,0.00,46.32,611.21
ORD000349,cust0066@example.com,SHOP007,ADDR0083A,shipped,2025-05-30T16:38:38+00:00,USD,1891.08,94.55,147.32,1943.85
ORD000350,cust0148@example.com,SHOP003,ADDR0160B,paid,2026-08-16T15:13:14+00:00,USD,3985.59,199.28,310.48,4096.79
ORD000351,cust0116@example.com,SHOP002,ADDR0095A,paid,2025-03-07T16:22:25+00:00,GBP,7061.64,353.08,550.10,7258.66
ORD000352,cust0026@example.com,SHOP003,ADDR0122B,cancelled,2025-09-27T00:30:03+00:00,EUR,3643.65,0.00,298.78,3942.43
ORD000353,cust0142@example.com,SHOP002,ADDR0076B,shipped,2025-04-21T15:08:47+00:00,GBP,1356.91,67.85,105.70,1394.76
ORD000354,cust0069@example.com,SHOP001,ADDR0042A,shipped,2025-05-11T14:30:13+00:00,EUR,9295.87,464.79,724.15,9555.23
ORD000355,cust0058@example.com,SHOP005,ADDR0170A,paid,2025-03-15T14:25:08+00:00,EUR,5966.95,298.35,464.83,6133.43
ORD000356,cust0031@example.com,SHOP004,ADDR0095A,paid,2025-03-24T08:36:37+00:00,GBP,6585.86,329.29,513.04,6769.61
ORD000357,cust0130@example.com,SHOP003,ADDR0054A,paid,2025-01-11T21:00:33+00:00,EUR,4981.34,249.07,388.05,5120.32
ORD000358,cust0117@example.com,SHOP002,ADDR0086A,shipped,2025-09-24T19:38:30+00:00,USD,5542.16,277.11,431.73,5696.78
ORD000359,cust0140@example.com,SHOP004,ADDR0174A,paid,2026-06-29T09:01:49+00:00,GBP,7579.80,378.99,590.47,7791.28
ORD000360,cust0100@example.com,SHOP002,ADDR0011A,shipped,2025-09-02T10:05:21+00:00,GBP,3838.33,191.92,299.01,3945.42
ORD000361,cust0102@example.com,SHOP002,ADDR0002A,paid,2025-07-29T18:11:14+00:00,GBP,14575.71,728.79,1135.45,14982.37
ORD000362,cust0089@example.com,SHOP002,ADDR0131B,paid,2025-04-30T02:51:19+00:00,GBP,4981.75,249.09,388.08,5120.74
ORD000363,cust0090@example.com,SHOP007,ADDR0033B,cancelled,2026-01-20T05:34:24+00:00,GBP,7259.97,0.00,595.32,7855.29
ORD000364,cust0165@example.com,SHOP007,ADDR0026A,shipped,2025-10-10T18:52:36+00:00,GBP,11359.67,567.98,884.92,11676.61
ORD000365,cust0086@example.com,SHOP004,ADDR0003A,paid,2025-10-07T21:51:42+00:00,GBP,13758.76,687.94,1071.81,14142.63
ORD000366,cust0179@example.com,SHOP002,ADDR0088A,shipped,2026-04-10T09:26:52+00:00,USD,8034.92,401.75,625.92,8259.09
ORD000367,cust0082@example.com,SHOP005,ADDR0090B,cancelled,2026-08-19T04:00:43+00:00,EUR,12153.77,0.00,996.61,13150.38
ORD000368,cust0013@example.com,SHOP003,ADDR0026A,shipped,2025-06-24T10:59:55+00:00,USD,9229.27,461.46,718.96,9486.77
ORD000369,cust0031@example.com,SHOP005,ADDR0119B,paid,2026-01-15T08:38:51+00:00,USD,9152.26,457.61,712.96,9407.61
ORD000370,cust0039@example.com,SHOP001,ADDR0090A,paid,2025-12-30T18:21:54+00:00,GBP,417.88,20.89,32.55,429.54
ORD000371,cust0170@example.com,SHOP001,ADDR0041A,refunded,2026-02-20T05:16:55+00:00,USD,9241.14,462.06,719.88,9498.96
ORD000372,cust0003@example.com,SHOP003,ADDR0036B,shipped,2026-08-06T03:34:17+00:00,USD,4162.57,208.13,324.26,4278.70
ORD000373,cust0128@example.com,SHOP006,ADDR0012A,paid,2026-01-23T20:46:24+00:00,USD,7252.80,362.64,564.99,7455.15
ORD000374,cust0147@example.com,SHOP001,ADDR0116B,paid,2025-08-19T04:41:08+00:00,USD,6883.87,344.19,536.25,7075.93
ORD000375,cust0100@example.com,SHOP005,ADDR0123B,paid,2025-11-18T22:46:35+00:00,EUR,5989.58,299.48,466.59,6156.69
ORD000376,cust0084@example.com,SHOP005,ADDR0074A,refunded,2026-06-30T19:37:14+00:00,EUR,10654.68,532.73,830.00,10951.95
ORD000377,cust0163@example.com,SHOP003,ADDR0156A,paid,2025-10-03T17:49:13+00:00,GBP,6918.41,345.92,538.94,7111.43
ORD000378,cust0050@example.com,SHOP007,ADDR0057B,paid,2025-04-30T06:55:11+00:00,EUR,4134.46,206.72,322.07,4249.81
ORD000379,cust0058@example.com,SHOP001,ADDR0059A,paid,2025-02-25T12:34:21+00:00,EUR,885.06,44.25,68.95,909.76
ORD000380,cust0061@example.com,SHOP004,ADDR0042A,draft,2026-07-08T01:48:35+00:00,GBP,4598.86,0.00,377.11,4975.97
ORD000381,cust0148@example.com,SHOP006,ADDR0008A,cancelled,2026-04-28T19:25:45+00:00,EUR,14822.36,0.00,1215.43,16037.79
ORD000382,cust0122@example.com,SHOP005,ADDR0022B,paid,2025-06-14T12:18:12+00:00,GBP,3775.89,188.79,294.14,3881.24
ORD000383,cust0104@example.com,SHOP004,ADDR0040A,shipped,2025-09-19T16:39:02+00:00,EUR,9179.84,458.99,715.11,9435.96
ORD000384,cust0055@example.com,SHOP005,ADDR0135A,draft,2025-08-02T10:31:38+00:00,EUR,6126.08,0.00,502.34,6628.42
ORD000385,cust0169@example.com,SHOP006,ADDR0067A,shipped,2025-06-18T23:34:33+00:00,EUR,2265.93,113.30,176.52,2329.15
ORD000386,cust0122@example.com,SHOP003,ADDR0078A,shipped,2026-08-02T19:26:06+00:00,EUR,5375.74,268.79,418.77,5525.72
ORD000387,cust0013@example.com,SHOP007,ADDR0140B,shipped,2025-12-21T01:30:31+00:00,GBP,1325.53,66.28,103.26,1362.51
ORD000388,cust0107@example.com,SHOP007,ADDR0022B,cancelled,2026-06-10T01:50:48+00:00,GBP,1393.41,0.00,114.26,1507.67
ORD000389,cust0170@example.com,SHOP005,ADDR0164A,paid,2026-07-12T18:36:26+00:00,GBP,6551.01,327.55,510.32,6733.78
ORD000390,cust0140@example.com,SHOP005,ADDR0016A,paid,2026-08-14T08:38:57+00:00,USD,8530.62,426.53,664.54,8768.63
ORD000391,cust0044@example.com,SHOP003,ADDR0085B,cancelled,2025-03-22T08:28:22+00:00,USD,15473.62,0.00,1268.84,16742.46
ORD000392,cust0097@example.com,SHOP001,ADDR0067A,paid,2025-06-01T10:20:12+00:00,GBP,1222.66,61.13,95.25,1256.78
ORD000393,cust0155@example.com,SHOP001,ADDR0060A,paid,2025-01-14T18:17:46+00:00,USD,4502.48,225.12,350.74,4628.10
ORD000394,cust0005@example.com,SHOP007,ADDR0161A,paid,2025-01-22T20:52:24+00:00,GBP,272.52,13.63,21.23,280.12
ORD000395,cust0126@example.com,SHOP006,ADDR0167A,paid,2025-04-02T09:29:05+00:00,EUR,9182.30,459.12,715.30,9438.48
ORD000396,cust0151@example.com,SHOP007,ADDR0085B,paid,2025-10-24T08:18:41+00:00,USD,1927.70,96.38,150.17,1981.49
ORD000397,cust0056@example.com,SHOP004,ADDR0124A,shipped,2025-06-10T14:45:29+00:00,USD,4299.99,215.00,334.97,4419.96
ORD000398,cust0064@example.com,SHOP001,ADDR0054B,paid,2025-05-19T15:19:34+00:00,USD,1815.91,90.80,141.46,1866.57
ORD000399,cust0040@example.com,SHOP007,ADDR0113B,refunded,2025-06-08T16:44:47+00:00,EUR,3522.24,176.11,274.38,3620.51
ORD000400,cust0167@example.com,SHOP003,ADDR0119A,shipped,2026-06-13T00:51:38+00:00,EUR,1733.22,86.66,135.02,1781.58
ORD000401,cust0068@example.com,SHOP007,ADDR0152B,paid,2025-03-11T16:56:26+00:00,GBP,13009.55,650.48,1013.44,13372.51
ORD000402,cust0011@example.com,SHOP007,ADDR0028B,shipped,2025-10-21T21:37:23+00:00,EUR,13192.83,659.64,1027.72,13560.91
ORD000403,cust0016@example.com,SHOP007,,shipped,2025-09-09T00:27:24+00:00,GBP,5913.62,295.68,460.67,6078.61
ORD000404,cust0056@example.com,SHOP005,ADDR0171B,paid,2026-05-18T20:27:01+00:00,USD,3741.55,187.08,291.47,3845.94
ORD000405,cust0122@example.com,SHOP006,ADDR0119B,shipped,2025-10-04T14:42:28+00:00,EUR,13863.84,693.19,1079.99,14250.64
ORD000406,cust0131@example.com,SHOP002,ADDR0167A,paid,2025-04-02T14:34:58+00:00,EUR,122.55,6.13,9.55,125.97
ORD000407,cust0064@example.com,SHOP003,ADDR0046A,paid,2025-04-13T07:30:00+00:00,GBP,10656.10,532.80,830.11,10953.41
ORD000408,cust0064@example.com,SHOP001,ADDR0070A,paid,2026-02-26T02:02:44+00:00,GBP,2864.50,143.22,223.14,2944.42
ORD000409,cust0037@example.com,SHOP007,ADDR0129A,shipped,2026-07-01T03:40:36+00:00,USD,6181.61,309.08,481.55,6354.08
ORD000410,cust0067@example.com,SHOP005,ADDR0168B,paid,2025-04-14T03:52:57+00:00,USD,1580.48,79.02,123.12,1624.58
ORD000411,cust0050@example.com,SHOP001,ADDR0135A,paid,2026-06-03T07:19:12+00:00,USD,3787.75,189.39,295.07,3893.43
ORD000412,cust0173@example.com,SHOP005,ADDR0031A,paid,2025-07-30T00:26:13+00:00,USD,1205.04,60.25,93.87,1238.66
ORD000413,cust0035@example.com,SHOP005,ADDR0127A,shipped,2025-11-29T19:06:56+00:00,GBP,8585.00,429.25,668.77,8824.52
ORD000414,cust0081@example.com,SHOP006,ADDR0048B,shipped,2026-07-17T23:05:49+00:00,GBP,4565.92,228.30,355.68,4693.30
ORD000415,cust0106@example.com,SHOP007,ADDR0020A,cancelled,2026-01-13T10:35:29+00:00,EUR,186.01,0.00,15.25,201.26
ORD000416,cust0001@example.com,SHOP003,ADDR0045A,shipped,2025-12-10T21:58:57+00:00,USD,5191.50,259.58,404.42,5336.34
ORD000417,cust0067@example.com,SHOP002,ADDR0012A,shipped,2025-07-02T10:18:40+00:00,EUR,1762.35,88.12,137.29,1811.52
ORD000418,cust0118@example.com,SHOP003,ADDR0028A,paid,2026-04-15T02:48:52+00:00,GBP,4724.39,236.22,368.03,4856.20
ORD000419,cust0119@example.com,SHOP006,ADDR0019B,draft,2026-03-27T06:46:54+00:00,EUR,6352.98,0.00,520.94,6873.92
ORD000420,cust0103@example.com,SHOP003,ADDR0007B,paid,2025-07-06T07:12:37+00:00,GBP,4850.82,242.54,377.88,4986.16
ORD000421,cust0111@example.com,SHOP004,ADDR0082B,paid,2026-04-12T23:46:41+00:00,GBP,5363.41,268.17,417.81,5513.05
ORD000422,cust0095@example.com,SHOP007,ADDR0105A,cancelled,2025-11-22T23:38:04+00:00,USD,12070.48,0.00,989.78,13060.26
ORD000423,cust0046@example.com,SHOP001,ADDR0093A,shipped,2026-08-21T15:59:28+00:00,USD,4513.91,225.70,351.63,4639.84
ORD000424,cust0096@example.com,SHOP007,ADDR0073A,paid,2026-03-29T19:08:24+00:00,EUR,12322.31,616.12,959.91,12666.10
ORD000425,cust0131@example.com,SHOP002,ADDR0142B,paid,2025-08-23T07:41:44+00:00,EUR,9673.75,483.69,753.58,9943.64
ORD000426,cust0009@example.com,SHOP004,ADDR0048A,draft,2026-04-30T03:04:25+00:00,EUR,4333.96,0.00,355.38,4689.34
ORD000427,cust0081@example.com,SHOP004,ADDR0160B,shipped,2026-05-26T17:56:10+00:00,USD,2407.31,120.37,187.53,2474.47
ORD000428,cust0003@example.com,SHOP004,ADDR0026A,paid,2025-04-30T06:16:50+00:00,GBP,14718.36,735.92,1146.56,15129.00
ORD000429,cust0180@example.com,SHOP003,ADDR0175B,paid,2026-06-13T10:08:29+00:00,USD,2479.24,123.96,193.13,2548.41
ORD000430,cust0023@example.com,SHOP002,ADDR0016B,paid,2025-02-22T04:37:43+00:00,EUR,3309.73,165.49,257.83,3402.07
ORD000431,cust0096@example.com,SHOP004,ADDR0056A,refunded,2026-07-05T06:41:40+00:00,EUR,5178.59,258.93,403.41,5323.07
ORD000432,cust0074@example.com,SHOP003,ADDR0121A,paid,2025-11-29T07:59:34+00:00,EUR,4322.57,216.13,336.73,4443.17
ORD000433,cust0118@example.com,SHOP003,ADDR0116B,paid,2025-10-13T10:21:20+00:00,GBP,4114.42,205.72,320.51,4229.21
ORD000434,cust0069@example.com,SHOP002,ADDR0040A,paid,2025-06-04T02:54:03+00:00,USD,581.28,29.06,45.28,597.50
ORD000435,cust0152@example.com,SHOP007,ADDR0111A,paid,2025-02-17T04:01:37+00:00,EUR,2372.26,118.61,184.80,2438.45
ORD000436,cust0132@example.com,SHOP007,ADDR0039B,refunded,2026-02-11T22:31:16+00:00,GBP,669.67,33.48,52.17,688.36
ORD000437,cust0061@example.com,SHOP003,ADDR0161A,cancelled,2025-06-03T10:58:22+00:00,GBP,8593.18,0.00,704.64,9297.82
ORD000438,cust0068@example.com,SHOP007,ADDR0057B,shipped,2025-11-14T12:50:05+00:00,USD,1243.19,62.16,96.84,1277.87
ORD000439,cust0142@example.com,SHOP007,ADDR0114A,shipped,2026-06-23T10:30:48+00:00,USD,4091.06,204.55,318.69,4205.20
ORD000440,cust0048@example.com,SHOP006,ADDR0140A,paid,2026-06-11T04:20:55+00:00,USD,3654.54,182.73,284.69,3756.50
ORD000441,cust0060@example.com,SHOP006,ADDR0087A,paid,2026-06-11T01:47:31+00:00,USD,2122.74,106.14,165.36,2181.96
ORD000442,cust0017@example.com,SHOP005,ADDR0094B,paid,2025-04-20T05:53:30+00:00,USD,5757.82,287.89,448.53,5918.46
ORD000443,cust0006@example.com,SHOP005,ADDR0083A,paid,2025-12-10T12:30:50+00:00,USD,3995.99,199.80,311.29,4107.48
ORD000444,cust0033@example.com,SHOP001,ADDR0110B,shipped,2025-07-31T22:59:56+00:00,GBP,2126.55,106.33,165.66,2185.88
ORD000445,cust0059@example.com,SHOP002,ADDR0103A,paid,2025-10-08T06:30:48+00:00,USD,925.40,46.27,72.09,951.22
ORD000446,cust0156@example.com,SHOP003,ADDR0125A,cancelled,2026-02-25T19:16:03+00:00,EUR,12596.51,0.00,1032.91,13629.42
ORD000447,cust0068@example.com,SHOP004,ADDR0112B,paid,2026-05-09T07:29:54+00:00,EUR,10299.11,514.96,802.30,10586.45
ORD000448,cust0081@example.com,SHOP003,ADDR0135A,paid,2025-09-26T17:26:47+00:00,EUR,17239.17,861.96,1342.93,17720.14
ORD000449,cust0066@example.com,SHOP003,ADDR0079A,paid,2025-06-05T18:34:57+00:00,EUR,14911.61,745.58,1161.61,15327.64
ORD000450,cust0164@example.com,SHOP005,ADDR0065A,shipped,2025-09-20T15:29:44+00:00,GBP,3004.85,150.24,234.08,3088.69
ORD000451,cust0155@example.com,SHOP002,ADDR0030B,paid,2025-09-15T07:51:40+00:00,GBP,1348.47,67.42,105.05,1386.10
ORD000452,cust0074@example.com,SHOP002,ADDR0083A,paid,2026-05-31T17:29:41+00:00,GBP,4392.19,219.61,342.15,4514.73
ORD000453,cust0077@example.com,SHOP005,ADDR0122B,paid,2025-12-05T22:24:01+00:00,EUR,1361.22,68.06,106.04,1399.20
ORD000454,cust0124@example.com,SHOP005,ADDR0032A,shipped,2025-09-22T04:58:53+00:00,GBP,15820.65,791.03,1232.43,16262.05
ORD000455,cust0097@example.com,SHOP005,ADDR0175B,paid,2025-01-30T15:53:07+00:00,GBP,788.63,39.43,61.43,810.63
ORD000456,cust0008@example.com,SHOP003,ADDR0141A,paid,2025-06-22T20:09:36+00:00,USD,7353.75,367.69,572.86,7558.92
ORD000457,cust0059@example.com,SHOP002,ADDR0116B,paid,2025-01-28T16:40:33+00:00,GBP,2723.31,136.17,212.15,2799.29
ORD000458,cust0137@example.com,SHOP002,ADDR0028A,shipped,2025-09-26T17:25:27+00:00,USD,6160.16,308.01,479.88,6332.03
ORD000459,cust0158@example.com,SHOP003,ADDR0118B,paid,2026-01-01T20:18:38+00:00,GBP,899.16,44.96,70.04,924.24
ORD000460,cust0080@example.com,SHOP003,ADDR0162A,paid,2025-12-07T09:13:56+00:00,EUR,4523.08,226.15,352.35,4649.28
ORD000461,cust0070@example.com,SHOP003,ADDR0091A,shipped,2026-05-23T10:59:40+00:00,USD,4751.04,237.55,370.11,4883.60
ORD000462,cust0054@example.com,SHOP003,ADDR0114A,paid,2025-03-21T12:38:17+00:00,USD,10935.06,546.75,851.84,11240.15
ORD000463,cust0079@example.com,SHOP005,ADDR0001A,paid,2026-08-24T19:47:44+00:00,GBP,5007.93,250.40,390.12,5147.65
ORD000464,cust0031@example.com,SHOP006,ADDR0090B,paid,2025-10-01T11:04:35+00:00,GBP,4419.42,220.97,344.27,4542.72
ORD000465,cust0073@example.com,SHOP006,ADDR0144B,paid,2025-10-11T05:26:10+00:00,GBP,445.02,22.25,34.67,457.44
ORD000466,cust0153@example.com,SHOP002,ADDR0079A,paid,2025-07-07T20:27:36+00:00,USD,6171.07,308.55,480.73,6343.25
ORD000467,cust0124@example.com,SHOP001,ADDR0118B,draft,2025-08-27T10:48:38+00:00,GBP,8308.59,0.00,681.30,8989.89
ORD000468,cust0027@example.com,SHOP001,ADDR0077A,draft,2025-01-03T04:39:01+00:00,GBP,9039.66,0.00,741.25,9780.91
ORD000469,cust0004@example.com,SHOP001,ADDR0051A,paid,2025-04-14T16:55:29+00:00,USD,3519.90,176.00,274.20,3618.10
ORD000470,cust0142@example.com,SHOP003,ADDR0145A,paid,2026-06-30T13:22:51+00:00,EUR,5096.06,254.80,396.98,5238.24
ORD000471,cust0103@example.com,SHOP002,ADDR0180A,cancelled,2025-09-30T18:49:49+00:00,EUR,6969.69,0.00,571.51,7541.20
ORD000472,cust0162@example.com,SHOP002,ADDR0027B,draft,2026-04-23T01:12:23+00:00,EUR,3007.53,0.00,246.62,3254.15
ORD000473,cust0052@example.com,SHOP001,ADDR0129A,paid,2026-03-30T07:12:26+00:00,GBP,13489.61,674.48,1050.84,13865.97
ORD000474,cust0115@example.com,SHOP003,ADDR0054B,paid,2025-05-13T05:52:19+00:00,EUR,2914.68,145.73,227.05,2996.00
ORD000475,cust0115@example.com,SHOP003,ADDR0056A,refunded,2025-10-26T02:54:31+00:00,GBP,808.76,40.44,63.00,831.32
ORD000476,cust0001@example.com,SHOP005,ADDR0080A,cancelled,2025-12-01T07:30:18+00:00,USD,2621.95,0.00,215.00,2836.95
ORD000477,cust0150@example.com,SHOP002,ADDR0088B,paid,2025-01-07T08:30:18+00:00,GBP,6396.93,319.85,498.32,6575.40
ORD000478,cust0080@example.com,SHOP005,ADDR0092A,paid,2025-02-21T16:45:33+00:00,GBP,14193.11,709.66,1105.64,14589.09
ORD000479,cust0115@example.com,SHOP005,ADDR0152B,paid,2025-07-20T19:31:19+00:00,EUR,13323.28,666.16,1037.88,13695.00
ORD000480,cust0070@example.com,SHOP004,ADDR0161A,refunded,2026-06-24T08:05:39+00:00,USD,3100.88,155.04,241.56,3187.40
ORD000481,cust0031@example.com,SHOP004,ADDR0035A,shipped,2026-08-21T13:33:28+00:00,GBP,5922.48,296.12,461.36,6087.72
ORD000482,cust0114@example.com,SHOP001,ADDR0067B,draft,2025-09-03T23:34:36+00:00,USD,5056.22,0.00,414.61,5470.83
ORD000483,cust0130@example.com,SHOP005,ADDR0118A,shipped,2025-10-01T18:07:08+00:00,GBP,14652.91,732.65,1141.46,15061.72
ORD000484,cust0036@example.com,SHOP001,ADDR0141A,draft,2025-05-07T23:37:03+00:00,EUR,5918.73,0.00,485.34,6404.07
ORD000485,cust0152@example.com,SHOP004,ADDR0019A,paid,2025-06-01T02:35:07+00:00,USD,5592.43,279.62,435.65,5748.46
ORD000486,cust0156@example.com,SHOP003,ADDR0133B,shipped,2026-05-14T03:15:47+00:00,GBP,2100.73,105.04,163.65,2159.34
ORD000487,cust0047@example.com,SHOP007,ADDR0148B,shipped,2025-03-07T02:46:51+00:00,USD,2789.62,139.48,217.31,2867.45
ORD000488,cust0089@example.com,SHOP006,ADDR0076B,paid,2025-04-18T14:28:17+00:00,USD,1428.03,71.40,111.24,1467.87
ORD000489,cust0045@example.com,SHOP006,ADDR0133A,paid,2025-09-22T05:42:18+00:00,GBP,4533.36,226.67,353.15,4659.84
ORD000490,cust0103@example.com,SHOP002,ADDR0152A,paid,2025-12-06T22:34:47+00:00,USD,6487.94,324.40,505.41,6668.95
ORD000491,cust0024@example.com,SHOP003,ADDR0028A,shipped,2026-01-14T12:20:38+00:00,GBP,996.64,49.83,77.64,1024.45
ORD000492,cust0009@example.com,SHOP001,ADDR0066A,paid,2026-01-18T23:48:03+00:00,EUR,9990.05,499.50,778.23,10268.78
ORD000493,cust0128@example.com,SHOP006,ADDR0072A,paid,2025-03-06T12:38:07+00:00,EUR,6512.08,325.60,507.29,6693.77
ORD000494,cust0111@example.com,SHOP001,ADDR0073B,shipped,2026-04-03T20:16:25+00:00,USD,6295.94,314.80,490.45,6471.59
ORD000495,cust0108@example.com,SHOP004,ADDR0024A,paid,2026-06-11T21:41:54+00:00,GBP,464.98,23.25,36.22,477.95
ORD000496,cust0013@example.com,SHOP004,ADDR0138A,paid,2026-04-13T11:43:23+00:00,USD,3558.48,177.92,277.21,3657.77
ORD000497,cust0018@example.com,SHOP002,ADDR0115A,paid,2025-06-01T02:16:38+00:00,GBP,11847.46,592.37,922.92,12178.01
ORD000498,cust0114@example.com,SHOP006,ADDR0038B,paid,2025-08-09T12:54:21+00:00,GBP,8076.32,403.82,629.14,8301.64
ORD000499,cust0097@example.com,SHOP007,ADDR0127B,paid,2025-01-11T11:58:19+00:00,USD,1785.97,89.30,139.13,1835.80
ORD000500,cust0066@example.com,SHOP002,ADDR0071A,refunded,2026-03-30T00:40:44+00:00,EUR,367.59,18.38,28.64,377.85
ORD000501,cust0061@example.com,SHOP001,ADDR0017A,paid,2025-06-22T15:31:04+00:00,GBP,8148.31,407.42,634.75,8375.64
ORD000502,cust0045@example.com,SHOP005,ADDR0157A,paid,2025-09-25T16:32:05+00:00,USD,779.69,38.98,60.74,801.45
ORD000503,cust0003@example.com,SHOP005,ADDR0076A,paid,2025-07-28T07:08:57+00:00,GBP,2917.71,145.89,227.29,2999.11
ORD000504,cust0079@example.com,SHOP003,ADDR0134A,shipped,2026-06-07T06:30:45+00:00,EUR,5009.87,250.49,390.27,5149.65
ORD000505,cust0118@example.com,SHOP006,ADDR0144B,shipped,2025-03-20T16:29:11+00:00,GBP,6775.37,338.77,527.80,6964.40
ORD000506,cust0165@example.com,SHOP003,ADDR0106A,shipped,2026-04-06T10:27:53+00:00,GBP,12599.20,629.96,981.48,12950.72
ORD000507,cust0022@example.com,SHOP004,ADDR0053A,paid,2026-03-11T09:11:21+00:00,EUR,5397.66,269.88,420.48,5548.26
ORD000508,cust0055@example.com,SHOP007,ADDR0067B,paid,2026-03-31T06:41:19+00:00,GBP,17032.26,851.61,1326.81,17507.46
ORD000509,cust0003@example.com,SHOP005,ADDR0163A,paid,2025-12-06T08:27:05+00:00,GBP,4660.71,233.04,363.07,4790.74
ORD000510,cust0034@example.com,SHOP001,ADDR0175A,paid,2025-08-06T10:00:27+00:00,EUR,6375.56,318.78,496.66,6553.44
ORD000511,cust0005@example.com,SHOP006,ADDR0084B,paid,2025-02-25T00:05:27+00:00,USD,13194.26,659.71,1027.83,13562.38
ORD000512,cust0180@example.com,SHOP001,ADDR0117A,paid,2025-03-20T09:55:39+00:00,EUR,6274.07,313.70,488.75,6449.12
ORD000513,cust0131@example.com,SHOP005,ADDR0149A,paid,2025-10-14T07:33:42+00:00,USD,6934.34,346.72,540.18,7127.80
ORD000514,cust0026@example.com,SHOP006,ADDR0139A,shipped,2026-01-29T02:27:25+00:00,GBP,9547.47,477.37,743.75,9813.85
ORD000515,cust0141@example.com,SHOP007,ADDR0156B,cancelled,2025-02-06T09:30:42+00:00,GBP,5469.32,0.00,448.48,5917.80
ORD000516,cust0033@example.com,SHOP002,ADDR0087A,paid,2025-12-04T11:05:35+00:00,EUR,7711.44,385.57,600.72,7926.59
ORD000517,cust0064@example.com,SHOP003,ADDR0084A,paid,2026-02-23T21:30:54+00:00,USD,3647.53,182.38,284.14,3749.29
ORD000518,cust0104@example.com,SHOP003,ADDR0140A,paid,2025-01-11T19:35:34+00:00,USD,1113.80,55.69,86.77,1144.88
ORD000519,cust0124@example.com,SHOP005,ADDR0168A,paid,2026-02-21T11:15:39+00:00,USD,1793.83,89.69,139.74,1843.88
ORD000520,cust0077@example.com,SHOP005,ADDR0028B,shipped,2026-06-10T07:45:32+00:00,EUR,4001.95,200.10,311.75,4113.60
ORD000521,cust0083@example.com,SHOP002,ADDR0087B,cancelled,2025-01-26T01:02:50+00:00,EUR,133.56,0.00,10.95,144.51
ORD000522,cust0153@example.com,SHOP004,ADDR0026A,shipped,2025-04-08T02:05:55+00:00,USD,5745.02,287.25,447.54,5905.31
ORD000523,cust0150@example.com,SHOP002,ADDR0134A,paid,2025-09-25T20:16:05+00:00,EUR,9184.13,459.21,715.44,9440.36
ORD000524,cust0043@example.com,SHOP005,ADDR0129B,paid,2025-03-10T22:30:08+00:00,USD,8967.93,448.40,698.60,9218.13
ORD000525,cust0132@example.com,SHOP005,ADDR0086A,paid,2025-01-31T06:11:19+00:00,GBP,671.13,33.56,52.28,689.85
ORD000526,cust0177@example.com,SHOP003,ADDR0119B,paid,2025-11-02T22:37:14+00:00,GBP,5461.01,273.05,425.41,5613.37
ORD000527,cust0111@example.com,SHOP004,ADDR0088B,paid,2026-01-11T00:31:17+00:00,EUR,4992.15,249.61,388.89,5131.43
ORD000528,cust0021@example.com,SHOP005,ADDR0168B,shipped,2025-09-04T12:05:17+00:00,GBP,9320.76,466.04,726.09,9580.81
ORD000529,cust0025@example.com,SHOP006,ADDR0065A,shipped,2025-07-13T23:28:45+00:00,USD,6924.76,346.24,539.44,7117.96
ORD000530,cust0117@example.com,SHOP003,ADDR0039B,paid,2026-03-04T17:38:10+00:00,GBP,414.59,20.73,32.30,426.16
ORD000531,cust0016@example.com,SHOP004,ADDR0180A,refunded,2025-06-26T18:18:57+00:00,EUR,565.40,28.27,44.04,581.17
ORD000532,cust0099@example.com,SHOP006,ADDR0010A,cancelled,2025-07-05T08:18:39+00:00,EUR,32.90,0.00,2.70,35.60
ORD000533,cust0075@example.com,SHOP007,ADDR0038A,paid,2026-07-04T04:54:54+00:00,EUR,2528.94,126.45,197.00,2599.49
ORD000534,cust0059@example.com,SHOP005,ADDR0006A,paid,2026-06-19T12:37:52+00:00,EUR,7656.30,382.82,596.43,7869.91
ORD000535,cust0089@example.com,SHOP002,ADDR0109A,paid,2025-09-23T04:00:33+00:00,GBP,2836.83,141.84,220.99,2915.98
ORD000536,cust0055@example.com,SHOP004,ADDR0167A,shipped,2025-08-14T09:36:08+00:00,EUR,670.96,33.55,52.27,689.68
ORD000537,cust0025@example.com,SHOP003,ADDR0068A,shipped,2026-05-12T21:34:13+00:00,GBP,3783.11,189.16,294.70,3888.65
ORD000538,cust0032@example.com,SHOP002,ADDR0136A,paid,2026-07-08T06:44:01+00:00,USD,2425.52,121.28,188.95,2493.19
ORD000539,cust0146@example.com,SHOP005,ADDR0075B,paid,2025-05-03T22:52:37+00:00,EUR,1784.34,89.22,139.00,1834.12
ORD000540,cust0091@example.com,SHOP006,ADDR0054A,paid,2025-03-06T23:20:34+00:00,USD,4866.37,243.32,379.09,5002.14
ORD000541,cust0023@example.com,SHOP003,ADDR0103A,paid,2025-02-02T09:33:58+00:00,USD,9538.60,476.93,743.06,9804.73
ORD000542,cust0047@example.com,SHOP006,ADDR0084B,paid,2025-12-29T05:23:04+00:00,EUR,1186.09,59.30,92.40,1219.19
ORD000543,cust0078@example.com,SHOP006,ADDR0177A,shipped,2026-05-09T03:40:56+00:00,EUR,4571.75,228.59,356.14,4699.30
ORD000544,cust0041@example.com,SHOP002,ADDR0045A,paid,2026-07-10T10:08:08+00:00,USD,2825.59,141.28,220.11,2904.42
ORD000545,cust0038@example.com,SHOP002,ADDR0003B,cancelled,2025-05-03T15:12:25+00:00,EUR,5668.17,0.00,464.79,6132.96
ORD000546,cust0071@example.com,SHOP001,ADDR0065A,paid,2025-07-20T19:22:53+00:00,EUR,5147.07,257.35,400.96,5290.68
ORD000547,cust0016@example.com,SHOP002,ADDR0115A,paid,2026-07-26T00:51:55+00:00,USD,2750.79,137.54,214.29,2827.54
ORD000548,cust0134@example.com,SHOP004,ADDR0112B,paid,2025-01-21T22:21:18+00:00,GBP,5262.27,263.11,409.93,5409.09
ORD000549,cust0117@example.com,SHOP006,ADDR0147B,paid,2026-04-18T04:54:19+00:00,GBP,2386.83,119.34,185.93,2453.42
ORD000550,cust0071@example.com,SHOP001,ADDR0043A,shipped,2025-01-01T09:36:39+00:00,USD,10090.86,504.54,786.08,10372.40
ORD000551,cust0126@example.com,SHOP001,ADDR0016B,paid,2025-04-02T09:48:36+00:00,GBP,2206.80,110.34,171.91,2268.37
ORD000552,cust0142@example.com,SHOP004,ADDR0154A,paid,2025-12-02T20:34:43+00:00,EUR,10078.56,503.93,785.12,10359.75
ORD000553,cust0040@example.com,SHOP004,ADDR0011B,paid,2025-01-05T14:54:40+00:00,USD,8396.82,419.84,654.11,8631.09
ORD000554,cust0143@example.com,SHOP002,ADDR0038B,draft,2026-06-24T04:34:29+00:00,EUR,3056.86,0.00,250.66,3307.52
ORD000555,cust0085@example.com,SHOP002,ADDR0001A,shipped,2026-05-29T04:39:44+00:00,EUR,8626.66,431.33,672.02,8867.35
ORD000556,cust0146@example.com,SHOP006,ADDR0162A,shipped,2025-01-02T17:30:45+00:00,GBP,3324.46,166.22,258.98,3417.22
ORD000557,cust0103@example.com,SHOP005,ADDR0036A,shipped,2025-02-09T18:56:10+00:00,EUR,8620.00,431.00,671.50,8860.50
ORD000558,cust0158@example.com,SHOP004,ADDR0119A,shipped,2026-05-29T04:33:21+00:00,GBP,4435.17,221.76,345.50,4558.91
ORD000559,cust0176@example.com,SHOP007,ADDR0138A,draft,2025-01-24T04:58:28+00:00,GBP,4871.10,0.00,399.43,5270.53
ORD000560,cust0131@example.com,SHOP006,ADDR0042B,cancelled,2026-08-14T17:25:13+00:00,GBP,4291.97,0.00,351.94,4643.91
ORD000561,cust0080@example.com,SHOP006,ADDR0115A,paid,2025-07-30T04:58:45+00:00,GBP,6928.01,346.40,539.69,7121.30
ORD000562,cust0065@example.com,SHOP001,ADDR0063A,cancelled,2025-03-07T18:11:42+00:00,EUR,10473.31,0.00,858.81,11332.12
ORD000563,cust0088@example.com,SHOP004,ADDR0010B,shipped,2026-07-27T19:43:08+00:00,EUR,10297.93,514.90,802.21,10585.24
ORD000564,cust0132@example.com,SHOP004,ADDR0057B,paid,2025-05-03T08:08:22+00:00,GBP,9725.00,486.25,757.58,9996.33
ORD000565,cust0119@example.com,SHOP003,ADDR0030A,shipped,2025-09-15T18:07:09+00:00,EUR,1529.75,76.49,119.17,1572.43
ORD000566,cust0088@example.com,SHOP004,ADDR0025A,paid,2025-09-03T16:41:05+00:00,EUR,9734.35,486.72,758.31,10005.94
ORD000567,cust0157@example.com,SHOP006,ADDR0139A,paid,2026-01-19T16:22:13+00:00,EUR,3510.82,175.54,273.49,3608.77
ORD000568,cust0005@example.com,SHOP005,ADDR0145A,paid,2025-06-21T00:20:52+00:00,EUR,1249.43,62.47,97.33,1284.29
ORD000569,cust0163@example.com,SHOP004,ADDR0118A,paid,2026-08-04T23:37:34+00:00,EUR,5576.22,278.81,434.39,5731.80
ORD000570,cust0132@example.com,SHOP007,ADDR0116B,paid,2025-07-12T05:56:48+00:00,EUR,5665.52,283.28,441.34,5823.58
ORD000571,cust0151@example.com,SHOP001,ADDR0053A,shipped,2025-05-14T12:59:19+00:00,GBP,1006.17,50.31,78.38,1034.24
ORD000572,cust0005@example.com,SHOP003,ADDR0144A,paid,2025-01-29T19:12:34+00:00,GBP,2388.80,119.44,186.09,2455.45
ORD000573,cust0099@example.com,SHOP006,ADDR0022B,shipped,2025-07-20T01:00:55+00:00,USD,3543.69,177.18,276.05,3642.56
ORD000574,cust0006@example.com,SHOP002,ADDR0108A,shipped,2026-05-23T21:45:00+00:00,USD,1775.31,88.77,138.30,1824.84
ORD000575,cust0178@example.com,SHOP003,ADDR0083B,paid,2025-02-26T17:22:11+00:00,USD,8847.04,442.35,689.18,9093.87
ORD000576,cust0076@example.com,SHOP003,ADDR0072A,paid,2025-07-30T08:35:18+00:00,EUR,2734.69,136.73,213.03,2810.99
ORD000577,cust0036@example.com,SHOP006,ADDR0044A,cancelled,2026-07-04T21:11:18+00:00,GBP,8800.72,0.00,721.66,9522.38
ORD000578,cust0073@example.com,SHOP003,ADDR0128A,paid,2025-07-21T01:54:02+00:00,USD,1533.87,76.69,119.49,1576.67
ORD000579,cust0172@example.com,SHOP006,ADDR0075A,paid,2025-03-22T13:28:49+00:00,EUR,5489.12,274.46,427.60,5642.26
ORD000580,cust0029@example.com,SHOP006,ADDR0170A,paid,2026-02-20T16:47:42+00:00,EUR,6214.28,310.71,484.09,6387.66
ORD000581,cust0118@example.com,SHOP007,ADDR0036B,paid,2026-03-11T13:09:01+00:00,EUR,5326.38,266.32,414.92,5474.98
ORD000582,cust0089@example.com,SHOP005,ADDR0151A,paid,2025-09-19T01:32:40+00:00,GBP,1914.91,95.75,149.17,1968.33
ORD000583,cust0096@example.com,SHOP006,ADDR0170A,paid,2026-05-15T19:34:05+00:00,EUR,5219.57,260.98,406.60,5365.19
ORD000584,cust0111@example.com,SHOP002,ADDR0174A,paid,2025-09-14T04:26:58+00:00,EUR,6254.01,312.70,487.19,6428.50
ORD000585,cust0069@example.com,SHOP005,ADDR0159A,cancelled,2025-09-06T16:30:17+00:00,EUR,3152.20,0.00,258.48,3410.68
ORD000586,cust0159@example.com,SHOP005,ADDR0022B,paid,2025-06-23T13:40:32+00:00,GBP,6078.63,303.93,473.53,6248.23
ORD000587,cust0095@example.com,SHOP003,ADDR0179A,paid,2026-04-14T01:00:18+00:00,GBP,6734.59,336.73,524.62,6922.48
ORD000588,cust0074@example.com,SHOP004,ADDR0093A,paid,2025-07-12T16:39:31+00:00,USD,1072.13,53.61,83.52,1102.04
ORD000589,cust0032@example.com,SHOP007,ADDR0113B,refunded,2026-04-02T15:35:42+00:00,EUR,3772.08,188.60,293.85,3877.33
ORD000590,cust0066@example.com,SHOP001,ADDR0004B,shipped,2025-10-19T14:16:30+00:00,EUR,6328.80,316.44,493.01,6505.37
ORD000591,cust0144@example.com,SHOP005,ADDR0046A,paid,2026-02-15T21:17:51+00:00,USD,4217.85,210.89,328.57,4335.53
ORD000592,cust0124@example.com,SHOP001,ADDR0054A,paid,2026-02-12T03:50:47+00:00,GBP,4375.26,218.76,340.83,4497.33
ORD000593,cust0050@example.com,SHOP003,ADDR0156B,paid,2025-01-09T15:35:24+00:00,EUR,9060.56,453.03,705.82,9313.35
ORD000594,cust0177@example.com,SHOP001,ADDR0087A,shipped,2025-04-22T00:47:18+00:00,EUR,10623.46,531.17,827.57,10919.86
ORD000595,cust0042@example.com,SHOP001,ADDR0048B,paid,2025-02-26T10:03:11+00:00,USD,8493.74,424.69,661.66,8730.71
ORD000596,cust0016@example.com,SHOP003,ADDR0048B,paid,2025-05-30T19:01:07+00:00,EUR,12424.70,621.24,967.88,12771.34
ORD000597,cust0032@example.com,SHOP004,ADDR0077A,shipped,2026-06-06T15:31:48+00:00,USD,2471.49,123.57,192.53,2540.45
ORD000598,cust0179@example.com,SHOP003,ADDR0110A,shipped,2025-10-16T10:16:06+00:00,EUR,3130.03,156.50,243.83,3217.36
ORD000599,cust0022@example.com,SHOP003,ADDR0174B,paid,2025-10-22T01:33:01+00:00,EUR,2817.87,140.89,219.51,2896.49
ORD000600,cust0075@example.com,SHOP003,ADDR0011A,paid,2025-08-10T16:41:02+00:00,USD,1244.87,62.24,96.98,1279.61
